Date,hour,temp,windchill,humidity, precipitation, wind_speed
12/1/2015,0,43,38.2,93,0.01,8.1
12/1/2015,1,44.1,38.6,93,0.01,10.4
12/1/2015,2,44.1,40.1,93,0,6.9
12/1/2015,3,44.1,40.1,93,0.05,6.9
12/1/2015,4,45,39.3,93,0.01,11.5
12/1/2015,5,45,39.3,90,0,11.5
12/1/2015,6,44.1,37.7,89,0,12.7
12/1/2015,7,43,36.8,86,0,11.5
12/1/2015,8,42.1,33.1,76,0,20.7
12/1/2015,9,42.1,35.7,73,0,11.5
12/1/2015,10,41,33.1,67,0,15
12/1/2015,11,42.1,34.9,62,0,13.8
12/1/2015,12,44.1,37.1,58,0,15
12/1/2015,13,44.1,37.4,58,0,13.8
12/1/2015,14,44.1,37.4,58,0,13.8
12/1/2015,15,44.1,38.1,58,0,11.5
12/1/2015,16,42.1,36.6,60,0,9.2
12/1/2015,17,42.1,39.2,62,0,4.6
12/1/2015,18,41,35.2,67,0,9.2
12/1/2015,19,39.9,33.4,70,0,10.4
12/1/2015,20,39,32.8,73,0,9.2
12/1/2015,21,39.9,33.4,73,0,10.4
12/1/2015,22,39.9,33.4,73,0,10.4
12/1/2015,23,39,33.4,76,0,8.1
12/2/2015,0,39,34,76,0,6.9
12/2/2015,1,39,34.8,76,0,5.8
12/2/2015,2,39,34,76,0,6.9
12/2/2015,3,37.9,32.1,79,0,8.1
12/2/2015,4,35.1,28.6,82,0,8.1
12/2/2015,5,34,29.8,85,0.03,4.6
12/2/2015,6,34,29.8,85,0.01,4.6
12/2/2015,7,33.1,26.1,89,0.02,8.1
12/2/2015,8,33.1,26.1,89,0,8.1
12/2/2015,9,33.1,26.1,82,0,8.1
12/2/2015,10,33.8,26.4,81,0,9.2
12/2/2015,11,34,28,82,0,6.9
12/2/2015,12,35.1,30.1,76,0,5.8
12/2/2015,13,35.1,29.3,85,0,6.9
12/2/2015,14,37,31.6,70,0,6.9
12/2/2015,15,36,29,70,0,9.2
12/2/2015,16,35.1,25.9,76,0,13.8
12/2/2015,17,35.1,25.9,72,0,13.8
12/2/2015,18,35.1,26.9,67,0,11.5
12/2/2015,19,34,26.6,67,0,9.2
12/2/2015,20,33.1,25.5,72,0,9.2
12/2/2015,21,33.1,24.9,70,0,10.4
12/2/2015,22,33.1,24.4,70,0,11.5
12/2/2015,23,33.1,25.5,70,0,9.2
12/3/2015,0,32,23.6,75,0,10.4
12/3/2015,1,32,26.4,75,0,5.8
12/3/2015,2,32,24.8,75,0,8.1
12/3/2015,3,32,25.6,75,0,6.9
12/3/2015,4,32,24.8,79,0,8.1
12/3/2015,5,35.1,31,76,0,4.6
12/3/2015,6,35.1,29.3,78,0,6.9
12/3/2015,7,36,31.1,79,0,5.8
12/3/2015,8,37.4,30.8,70,0,9.2
12/3/2015,9,36,29.6,76,0,8.1
12/3/2015,10,36,29,76,0,9.2
12/3/2015,11,36,29,79,0,9.2
12/3/2015,12,36,28.5,79,0,10.4
12/3/2015,13,35.1,26.4,78,0,12.7
12/3/2015,14,35.1,26.4,78,0,12.7
12/3/2015,15,35.1,26.4,78,0,12.7
12/3/2015,16,35.1,26.4,82,0,12.7
12/3/2015,17,35.1,27.9,82,0,9.2
12/3/2015,18,35.1,25.9,82,0,13.8
12/3/2015,19,35.1,25.9,82,0,13.8
12/3/2015,20,35.1,27.9,82,0,9.2
12/3/2015,21,35.1,26.9,82,0,11.5
12/3/2015,22,35.1,25.9,82,0,13.8
12/3/2015,23,36,29,79,0,9.2
12/4/2015,0,37,29.8,79,0,10.4
12/4/2015,1,36,28,82,0,11.5
12/4/2015,2,36,29,82,0,9.2
12/4/2015,3,35.1,26.4,82,0,12.7
12/4/2015,4,34,25.5,85,0,11.5
12/4/2015,5,33.1,24.9,89,0,10.4
12/4/2015,6,33.1,24.4,85,0,11.5
12/4/2015,7,33.1,24.9,89,0,10.4
12/4/2015,8,34,28,85,0,6.9
12/4/2015,9,35.1,27.4,85,0,10.4
12/4/2015,10,41,35.8,73,0,8.1
12/4/2015,11,44.1,40.1,65,0,6.9
12/4/2015,12,46,41.4,63,0,9.2
12/4/2015,13,48,19.09,61,0,8.1
12/4/2015,14,48,19.09,58,0,9.2
12/4/2015,15,46,41.4,63,0,9.2
12/4/2015,16,45,41.2,65,0,6.9
12/4/2015,17,42.1,36.1,76,0,10.4
12/4/2015,18,39,32.8,86,0,9.2
12/4/2015,19,39,33.4,82,0,8.1
12/4/2015,20,37.9,31.5,89,0,9.2
12/4/2015,21,37.9,30.9,89,0,10.4
12/4/2015,22,37,31,89,0,8.1
12/4/2015,23,36,30.3,93,0,6.9
12/5/2015,0,34,26,89,0,10.4
12/5/2015,1,34,27.2,89,0,8.1
12/5/2015,2,33.1,26.1,89,0,8.1
12/5/2015,3,33.1,26.1,89,0,8.1
12/5/2015,4,32,25.6,88,0,6.9
12/5/2015,5,30.9,23.5,92,0,8.1
12/5/2015,6,30.9,22.8,89,0,9.2
12/5/2015,7,30,24.1,92,0,5.8
12/5/2015,8,30,22.4,88,0,8.1
12/5/2015,9,32,24.8,88,0,8.1
12/5/2015,10,33.1,27.7,82,0,5.8
12/5/2015,11,39.9,34.5,65,0,8.1
12/5/2015,12,43,38.8,60,0,6.9
12/5/2015,13,44.1,39.5,58,0,8.1
12/5/2015,14,43,38.2,62,0,8.1
12/5/2015,15,42.1,37.1,62,0,8.1
12/5/2015,16,39.9,35.1,70,0,6.9
12/5/2015,17,37,31,79,0,8.1
12/5/2015,18,34,26.6,85,0,9.2
12/5/2015,19,34,28.8,85,0,5.8
12/5/2015,20,34,28,85,0,6.9
12/5/2015,21,35.1,30.1,89,0,5.8
12/5/2015,22,35.1,32.2,89,0,3.5
12/5/2015,23,35.1,32.2,89,0,3.5
12/6/2015,0,35.1,28.6,85,0,8.1
12/6/2015,1,35.1,29.3,82,0,6.9
12/6/2015,2,34,28.8,85,0,5.8
12/6/2015,3,34,28.8,82,0,5.8
12/6/2015,4,34,28,82,0,6.9
12/6/2015,5,34,28.8,82,0,5.8
12/6/2015,6,33.1,27.7,85,0,5.8
12/6/2015,7,33.1,28.7,85,0,4.6
12/6/2015,8,37,30.4,79,0,9.2
12/6/2015,9,41,36.4,70,0,6.9
12/6/2015,10,44.1,39,63,0,9.2
12/6/2015,11,46.9,19.09,59,0,5.8
12/6/2015,12,48,19.09,56,0,8.1
12/6/2015,13,46.9,19.09,59,0,0
12/6/2015,14,46.9,19.09,56,0,3.5
12/6/2015,15,46.9,19.09,59,0,5.8
12/6/2015,16,46,44.8,63,0,3.5
12/6/2015,17,45,41.2,65,0,6.9
12/6/2015,18,44.1,41.5,71,0,4.6
12/6/2015,19,41,37.1,73,0,5.8
12/6/2015,20,41,38,76,0,4.6
12/6/2015,21,37.9,35.5,79,0,3.5
12/6/2015,22,37,19.09,82,0,0
12/6/2015,23,36,33.3,86,0,3.5
12/7/2015,0,36,33.3,86,0,3.5
12/7/2015,1,34,28.8,85,0,5.8
12/7/2015,2,34,31,85,0,3.5
12/7/2015,3,34,29.8,85,0,4.6
12/7/2015,4,33.1,28.7,89,0,4.6
12/7/2015,5,33.1,26.9,89,0,6.9
12/7/2015,6,35.1,28.6,89,0,8.1
12/7/2015,7,36,33.3,93,0,3.5
12/7/2015,8,37,34.5,93,0,3.5
12/7/2015,9,37,19.09,96,0,0
12/7/2015,10,37.4,34.9,93,0,3.5
12/7/2015,11,37.9,32.7,89,0,6.9
12/7/2015,12,37.9,32.1,86,0,8.1
12/7/2015,13,37.9,30.9,86,0,10.4
12/7/2015,14,39,32.8,86,0,9.2
12/7/2015,15,39,32.8,86,0,9.2
12/7/2015,16,39,33.4,86,0,8.1
12/7/2015,17,37.9,30.5,86,0,11.5
12/7/2015,18,37.4,30.3,87,0,10.4
12/7/2015,19,39,31,86,0,13.8
12/7/2015,20,37.9,29.6,86,0,13.8
12/7/2015,21,39,31,86,0,13.8
12/7/2015,22,39,31.4,86,0,12.7
12/7/2015,23,39.9,31.8,83,0,15
12/8/2015,0,41,35.2,79,0,9.2
12/8/2015,1,41,34.7,79,0,10.4
12/8/2015,2,39.9,32.9,79,0,11.5
12/8/2015,3,39.9,33.9,79,0,9.2
12/8/2015,4,39.9,32.9,79,0,11.5
12/8/2015,5,39.9,32.1,83,0,13.8
12/8/2015,6,39.9,32.1,83,0,13.8
12/8/2015,7,41,34.7,82,0,10.4
12/8/2015,8,42.1,35.7,79,0,11.5
12/8/2015,9,42.1,34.9,79,0,13.8
12/8/2015,10,43,37.2,76,0,10.4
12/8/2015,11,44.1,38.6,76,0,10.4
12/8/2015,12,46,41,73,0,10.4
12/8/2015,13,46,41.9,73,0,8.1
12/8/2015,14,46.9,19.09,71,0,10.4
12/8/2015,15,46.9,19.09,74,0,10.4
12/8/2015,16,46,42.5,76,0,6.9
12/8/2015,17,46,42.5,79,0,6.9
12/8/2015,18,46.9,19.09,77,0,9.2
12/8/2015,19,46,42.5,79,0,6.9
12/8/2015,20,46.9,19.09,77,0,6.9
12/8/2015,21,48,19.09,74,0,9.2
12/8/2015,22,48,19.09,74,0,11.5
12/8/2015,23,48,19.09,77,0,12.7
12/9/2015,0,48,19.09,77,0,10.4
12/9/2015,1,48,19.09,77,0,10.4
12/9/2015,2,48,19.09,77,0,9.2
12/9/2015,3,46,41.4,79,0,9.2
12/9/2015,4,45,41.2,82,0,6.9
12/9/2015,5,44.1,40.1,85,0,6.9
12/9/2015,6,44.1,40.8,85,0,5.8
12/9/2015,7,43,38.8,86,0,6.9
12/9/2015,8,44.1,39.5,85,0,8.1
12/9/2015,9,48,19.09,74,0,8.1
12/9/2015,10,50,19.09,68,0,9.2
12/9/2015,11,52,19.09,61,0,9.2
12/9/2015,12,53.1,19.09,61,0,10.4
12/9/2015,13,54,19.09,57,0,12.7
12/9/2015,14,53.1,19.09,59,0,15
12/9/2015,15,52,19.09,61,0,6.9
12/9/2015,16,50,19.09,63,0,5.8
12/9/2015,17,48.9,19.09,69,0,8.1
12/9/2015,18,48,19.09,68,0,8.1
12/9/2015,19,48,19.09,68,0,5.8
12/9/2015,20,46.9,19.09,71,0,8.1
12/9/2015,21,46,43.1,71,0,5.8
12/9/2015,22,44.1,39.5,76,0,8.1
12/9/2015,23,43,38.8,76,0,6.9
12/10/2015,0,43,38.2,76,0,8.1
12/10/2015,1,43,38.2,76,0,8.1
12/10/2015,2,44.1,39,73,0,9.2
12/10/2015,3,45,40.6,71,0,8.1
12/10/2015,4,48,19.09,66,0,11.5
12/10/2015,5,48,19.09,66,0,13.8
12/10/2015,6,48,19.09,66,0,10.4
12/10/2015,7,48.9,19.09,64,0,13.8
12/10/2015,8,50,19.09,63,0,17.3
12/10/2015,9,52,19.09,59,0,19.6
12/10/2015,10,55.9,19.09,51,0,19.6
12/10/2015,11,59,19.09,46,0,21.9
12/10/2015,12,59,19.09,48,0,23
12/10/2015,13,57.9,19.09,53,0,19.6
12/10/2015,14,57.9,19.09,53,0,21.9
12/10/2015,15,57.9,19.09,53,0,19.6
12/10/2015,16,54,19.09,59,0,28.8
12/10/2015,17,52,19.09,57,0,19.6
12/10/2015,18,48.9,19.09,61,0,13.8
12/10/2015,19,48.9,19.09,64,0,13.8
12/10/2015,20,48,19.09,66,0,12.7
12/10/2015,21,48,19.09,66,0,15
12/10/2015,22,48,19.09,66,0,11.5
12/10/2015,23,48.9,19.09,61,0,15
12/11/2015,0,48.9,19.09,59,0,13.8
12/11/2015,1,48.9,19.09,54,0,11.5
12/11/2015,2,46.9,19.09,61,0,10.4
12/11/2015,3,48.9,19.09,54,0,13.8
12/11/2015,4,46.9,19.09,59,0,15
12/11/2015,5,46,40.6,58,0,11.5
12/11/2015,6,45,41.2,60,0,6.9
12/11/2015,7,44.1,40.1,63,0,6.9
12/11/2015,8,46,41.4,61,0,9.2
12/11/2015,9,48,19.09,54,0,8.1
12/11/2015,10,48.9,19.09,54,0,8.1
12/11/2015,11,51.1,19.09,52,0,5.8
12/11/2015,12,52,19.09,49,0,0
12/11/2015,13,53.1,19.09,47,0,4.6
12/11/2015,14,54,19.09,47,0,4.6
12/11/2015,15,54,19.09,49,0,5.8
12/11/2015,16,54,19.09,51,0,5.8
12/11/2015,17,51.1,19.09,56,0,5.8
12/11/2015,18,50,19.09,61,0,6.9
12/11/2015,19,52,19.09,61,0,6.9
12/11/2015,20,53.1,19.09,61,0,8.1
12/11/2015,21,51.1,19.09,74,0,5.8
12/11/2015,22,52,19.09,74,0,3.5
12/11/2015,23,53.1,19.09,77,0,0
12/12/2015,0,52,19.09,83,0,0
12/12/2015,1,52,19.09,83,0,3.5
12/12/2015,2,54,19.09,86,0,3.5
12/12/2015,3,54,19.09,93,0,0
12/12/2015,4,55,19.09,93,0,4.6
12/12/2015,5,57,19.09,89,0,4.6
12/12/2015,6,57,19.09,89,0,4.6
12/12/2015,7,57,19.09,89,0,5.8
12/12/2015,8,57,19.09,93,0,3.5
12/12/2015,9,57,19.09,89,0,8.1
12/12/2015,10,57,19.09,89,0,6.9
12/12/2015,11,57.9,19.09,87,0,6.9
12/12/2015,12,60.1,19.09,78,0,6.9
12/12/2015,13,60.1,19.09,75,0,8.1
12/12/2015,14,60.1,19.09,80,0,4.6
12/12/2015,15,59,19.09,83,0,3.5
12/12/2015,16,55.9,19.09,80,0,5.8
12/12/2015,17,55,19.09,80,0,5.8
12/12/2015,18,54,19.09,86,0,4.6
12/12/2015,19,53.1,19.09,89,0,3.5
12/12/2015,20,54,19.09,90,0,0
12/12/2015,21,54,19.09,90,0,0
12/12/2015,22,54,19.09,90,0,3.5
12/12/2015,23,54,19.09,90,0,3.5
12/13/2015,0,55,19.09,89,0,0
12/13/2015,1,62.1,19.09,86,0,9.2
12/13/2015,2,62.1,19.09,86,0,10.4
12/13/2015,3,62.1,19.09,86,0,9.2
12/13/2015,4,62.1,19.09,84,0,10.4
12/13/2015,5,62.1,19.09,84,0.03,12.7
12/13/2015,6,62.1,19.09,86,0.06,9.2
12/13/2015,7,60.8,19.09,88,0.04,11.5
12/13/2015,8,61,19.09,87,0,10.4
12/13/2015,9,62.1,19.09,84,0,13.8
12/13/2015,10,62.1,19.09,84,0,10.4
12/13/2015,11,63,19.09,75,0,13.8
12/13/2015,12,63,19.09,75,0,11.5
12/13/2015,13,62.1,19.09,78,0,12.7
12/13/2015,14,61,19.09,83,0.05,13.8
12/13/2015,15,61,19.09,83,0.07,10.4
12/13/2015,16,60.1,19.09,86,0.1,15
12/13/2015,17,60.1,19.09,86,0.11,13.8
12/13/2015,18,60.1,19.09,83,0.07,16.1
12/13/2015,19,60.1,19.09,86,0.07,16.1
12/13/2015,20,60.1,19.09,86,0.01,13.8
12/13/2015,21,62.1,19.09,78,0.01,15
12/13/2015,22,62.1,19.09,78,0,18.4
12/13/2015,23,62.1,19.09,78,0.02,17.3
12/14/2015,0,61,19.09,83,0.06,16.1
12/14/2015,1,61,19.09,83,0.13,15
12/14/2015,2,61,19.09,81,0.03,20.7
12/14/2015,3,62.1,19.09,80,0,17.3
12/14/2015,4,62.1,19.09,75,0,17.3
12/14/2015,5,57.9,19.09,78,0,20.7
12/14/2015,6,57,19.09,81,0.07,18.4
12/14/2015,7,55.9,19.09,80,0,16.1
12/14/2015,8,54,19.09,80,0.02,39.1
12/14/2015,9,51.1,19.09,80,0,11.5
12/14/2015,10,52,19.09,77,0,16.1
12/14/2015,11,51.1,19.09,74,0,17.3
12/14/2015,12,50,19.09,77,0,17.3
12/14/2015,13,50,19.09,74,0.01,18.4
12/14/2015,14,51.1,19.09,68,0,15
12/14/2015,15,48.9,19.09,77,0,13.8
12/14/2015,16,46.9,19.09,77,0.01,17.3
12/14/2015,17,46.9,19.09,80,0,11.5
12/14/2015,18,46.9,19.09,77,0,15
12/14/2015,19,46.9,19.09,77,0,11.5
12/14/2015,20,46,41,79,0,10.4
12/14/2015,21,44.1,37.4,71,0,13.8
12/14/2015,22,44.1,38.1,73,0,11.5
12/14/2015,23,43,37.2,80,0,10.4
12/15/2015,0,43,38.8,80,0,6.9
12/15/2015,1,43,38.8,82,0,6.9
12/15/2015,2,44.1,38.6,82,0,10.4
12/15/2015,3,43,37.2,82,0,10.4
12/15/2015,4,43,37.2,82,0,10.4
12/15/2015,5,42.1,37.7,76,0,6.9
12/15/2015,6,41,35.2,76,0,9.2
12/15/2015,7,41,35.8,73,0,8.1
12/15/2015,8,42.1,37.7,70,0,6.9
12/15/2015,9,42.1,40.2,70,0,3.5
12/15/2015,10,43,41.3,65,0,3.5
12/15/2015,11,43,38.8,71,0,6.9
12/15/2015,12,42.1,37.7,70,0,6.9
12/15/2015,13,42.1,36.6,70,0,9.2
12/15/2015,14,42.1,36.1,67,0,10.4
12/15/2015,15,42.1,37.1,67,0,8.1
12/15/2015,16,42.1,36.1,70,0,10.4
12/15/2015,17,42.1,37.1,70,0,8.1
12/15/2015,18,42.1,37.1,73,0,8.1
12/15/2015,19,42.1,35.7,73,0,11.5
12/15/2015,20,42.1,35.7,76,0,11.5
12/15/2015,21,43,36.8,76,0,11.5
12/15/2015,22,43,36.8,76,0,11.5
12/15/2015,23,43,36,76,0,13.8
12/16/2015,0,42.1,35.7,79,0,11.5
12/16/2015,1,42.1,36.1,82,0,10.4
12/16/2015,2,43,34.8,80,0,18.4
12/16/2015,3,43,36.8,80,0,11.5
12/16/2015,4,43,35.7,82,0,15
12/16/2015,5,44.1,37.1,79,0,15
12/16/2015,6,43,36.8,82,0.04,11.5
12/16/2015,7,44.1,39,82,0,9.2
12/16/2015,8,45,38.5,80,0,13.8
12/16/2015,9,45,37.6,82,0.02,17.3
12/16/2015,10,46,39.9,83,0,13.8
12/16/2015,11,48,19.09,80,0,17.3
12/16/2015,12,48.9,19.09,80,0,15
12/16/2015,13,53.1,19.09,74,0,13.8
12/16/2015,14,54,19.09,75,0,15
12/16/2015,15,50,19.09,48,0,23
12/16/2015,16,46.9,19.09,54,0,17.3
12/16/2015,17,43,34.8,62,0,18.4
12/16/2015,18,42.1,32.6,65,0,23
12/16/2015,19,39.9,30.2,60,0,20.7
12/16/2015,20,39,28.5,62,0,23
12/16/2015,21,37.9,27.6,62,0,20.7
12/16/2015,22,36,26.7,64,0,15
12/16/2015,23,35.6,27.5,65,0,11.5
12/17/2015,0,36,27.1,64,0,13.8
12/17/2015,1,35.1,24.5,64,0,18.4
12/17/2015,2,34,23,67,0,18.4
12/17/2015,3,33.1,23,64,0,15
12/17/2015,4,33.1,22.2,66,0,17.3
12/17/2015,5,32,21.6,64,0,15
12/17/2015,6,32,21.2,64,0,16.1
12/17/2015,7,30.9,19.8,61,0,16.1
12/17/2015,8,32,20.5,61,0,18.4
12/17/2015,9,32,20.5,61,0,18.4
12/17/2015,10,33.1,23.4,59,0,13.8
12/17/2015,11,34,23.4,59,0,17.3
12/17/2015,12,34,23.4,59,0,17.3
12/17/2015,13,34,23.8,56,0,16.1
12/17/2015,14,35.1,25.2,54,0,16.1
12/17/2015,15,34,24.6,54,0,13.8
12/17/2015,16,32,22.5,59,0,12.7
12/17/2015,17,32,27.5,61,0,4.6
12/17/2015,18,30.9,24.3,64,0,6.9
12/17/2015,19,30.9,23.5,67,0,8.1
12/17/2015,20,30,21.7,69,0,9.2
12/17/2015,21,30,21.1,69,0,10.4
12/17/2015,22,30,21.1,69,0,10.4
12/17/2015,23,30,20.5,69,0,11.5
12/18/2015,0,28.9,20.4,72,0,9.2
12/18/2015,1,28.9,18.2,64,0,13.8
12/18/2015,2,28,18.6,61,0,10.4
12/18/2015,3,28,19.3,61,0,9.2
12/18/2015,4,28,19.3,61,0,9.2
12/18/2015,5,28.9,20.4,58,0,9.2
12/18/2015,6,28,15.3,51,0,18.4
12/18/2015,7,28,18.6,56,0,10.4
12/18/2015,8,28,17,61,0,13.8
12/18/2015,9,27,13.2,56,0,20.7
12/18/2015,10,28.9,16.1,45,0,19.6
12/18/2015,11,28.9,15.1,47,0,23
12/18/2015,12,30.9,20.7,50,0,13.8
12/18/2015,13,32,20.1,48,0,19.6
12/18/2015,14,32,21.6,50,0,15
12/18/2015,15,32,23.6,54,0,10.4
12/18/2015,16,33.1,24.9,50,0,10.4
12/18/2015,17,33.1,26.9,50,0,6.9
12/18/2015,18,30.9,21.2,64,0,12.7
12/18/2015,19,30.9,22.8,69,0,9.2
12/18/2015,20,30,21.1,66,0,10.4
12/18/2015,21,28.9,17.7,69,0,15
12/18/2015,22,28,18.1,72,0,11.5
12/18/2015,23,28,17.5,72,0,12.7
12/19/2015,0,25,11.7,66,0,17.3
12/19/2015,1,21,8.1,63,0,13.8
12/19/2015,2,19.9,5.2,62,0,17.3
12/19/2015,3,19,6.1,62,0,12.7
12/19/2015,4,19,6.1,59,0,12.7
12/19/2015,5,18,5.4,60,0,11.5
12/19/2015,6,17.1,5.8,62,0,9.2
12/19/2015,7,18,6.1,60,0,10.4
12/19/2015,8,19.9,9.3,55,0,9.2
12/19/2015,9,21.9,8.7,53,0,15
12/19/2015,10,25,14.2,51,0,11.5
12/19/2015,11,27,15.2,47,0,15
12/19/2015,12,30,18.7,43,0,16.1
12/19/2015,13,30,18.7,43,0,16.1
12/19/2015,14,30.9,22.2,46,0,10.4
12/19/2015,15,30.9,21.7,46,0,11.5
12/19/2015,16,28.9,21.1,51,0,8.1
12/19/2015,17,28.9,21.9,51,0,6.9
12/19/2015,18,28.9,25.2,51,0,3.5
12/19/2015,19,28.9,23.9,54,0,4.6
12/19/2015,20,28,21.7,58,0,5.8
12/19/2015,21,28,20.8,58,0,6.9
12/19/2015,22,28,21.7,61,0,5.8
12/19/2015,23,28,20.8,63,0,6.9
12/20/2015,0,28.9,22.8,64,0,5.8
12/20/2015,1,30.9,22.2,59,0,10.4
12/20/2015,2,32,25.6,59,0,6.9
12/20/2015,3,34,25.5,59,0,11.5
12/20/2015,4,34,25.5,61,0,11.5
12/20/2015,5,34,25.5,67,0,11.5
12/20/2015,6,35.1,26.4,67,0,12.7
12/20/2015,7,37,28.9,65,0,12.7
12/20/2015,8,39,29.9,62,0,17.3
12/20/2015,9,42.1,33.3,58,0,19.6
12/20/2015,10,45,37.6,49,0,17.3
12/20/2015,11,48,19.09,44,0,18.4
12/20/2015,12,50,19.09,43,0,18.4
12/20/2015,13,51.1,19.09,39,0,17.3
12/20/2015,14,50,19.09,39,0,21.9
12/20/2015,15,48.9,19.09,43,0,17.3
12/20/2015,16,48,19.09,44,0,18.4
12/20/2015,17,48,19.09,44,0,19.6
12/20/2015,18,46.9,19.09,46,0,15
12/20/2015,19,46.9,19.09,46,0,19.6
12/20/2015,20,48,19.09,42,0,16.1
12/20/2015,21,48,19.09,44,0,20.7
12/20/2015,22,48,19.09,48,0,20.7
12/20/2015,23,45,37.1,68,0.03,19.6
12/21/2015,0,44.1,37.4,73,0.06,13.8
12/21/2015,1,43,35.7,80,0.1,15
12/21/2015,2,43,35.4,82,0,16.1
12/21/2015,3,43,35.1,86,0.07,17.3
12/21/2015,4,44.1,37.1,82,0.02,15
12/21/2015,5,44.1,37.7,85,0.01,12.7
12/21/2015,6,44.1,37.7,85,0.08,12.7
12/21/2015,7,45,37.9,86,0.09,16.1
12/21/2015,8,46.9,19.09,86,0.04,17.3
12/21/2015,9,48,19.09,86,0.03,12.7
12/21/2015,10,50,19.09,83,0,17.3
12/21/2015,11,52,19.09,83,0,17.3
12/21/2015,12,52,19.09,83,0,15
12/21/2015,13,54,19.09,83,0,12.7
12/21/2015,14,54,19.09,83,0,12.7
12/21/2015,15,54,19.09,80,0,10.4
12/21/2015,16,53.1,19.09,83,0,9.2
12/21/2015,17,51.1,19.09,83,0,6.9
12/21/2015,18,51.1,19.09,83,0,5.8
12/21/2015,19,46,41.9,86,0,8.1
12/21/2015,20,45,39.7,86,0,10.4
12/21/2015,21,45,42.6,86,0,4.6
12/21/2015,22,44.1,40.8,89,0,5.8
12/21/2015,23,44.1,41.5,89,0,4.6
12/22/2015,0,44.1,42.5,89,0,3.5
12/22/2015,1,43,39.5,89,0,5.8
12/22/2015,2,43,36.8,89,0,11.5
12/22/2015,3,42.1,36.6,85,0,9.2
12/22/2015,4,41,34.3,86,0,11.5
12/22/2015,5,41,35.2,82,0,9.2
12/22/2015,6,39.9,34.5,83,0,8.1
12/22/2015,7,39,32.8,82,0,9.2
12/22/2015,8,39,34,82,0,6.9
12/22/2015,9,39.9,35.1,79,0,6.9
12/22/2015,10,39,32.3,76,0,10.4
12/22/2015,11,37.9,30.5,79,0,11.5
12/22/2015,12,37.9,30.5,79,0,11.5
12/22/2015,13,37.9,31.5,79,0,9.2
12/22/2015,14,37.9,30,79,0,12.7
12/22/2015,15,37.9,33.5,79,0,5.8
12/22/2015,16,37,32.4,82,0,5.8
12/22/2015,17,37.9,30.9,79,0,10.4
12/22/2015,18,37.9,30.5,83,0,11.5
12/22/2015,19,39,31.8,79,0,11.5
12/22/2015,20,39.9,33.9,83,0,9.2
12/22/2015,21,41,35.8,82,0,8.1
12/22/2015,22,42.1,37.1,85,0,8.1
12/22/2015,23,44.1,40.1,82,0,6.9
12/23/2015,0,44.1,40.8,85,0,5.8
12/23/2015,1,46.4,44.3,87,0,4.6
12/23/2015,2,46,43.9,93,0,4.6
12/23/2015,3,48,19.09,93,0,9.2
12/23/2015,4,50,19.09,89,0,10.4
12/23/2015,5,50,19.09,93,0,10.4
12/23/2015,6,50,19.09,93,0,9.2
12/23/2015,7,52,19.09,89,0,15
12/23/2015,8,53.1,19.09,93,0,12.7
12/23/2015,9,57.9,19.09,90,0.01,16.1
12/23/2015,10,57.9,19.09,90,0,16.1
12/23/2015,11,60.1,19.09,90,0.42,13.8
12/23/2015,12,60.1,19.09,83,0.02,21.9
12/23/2015,13,60.1,19.09,78,0.01,16.1
12/23/2015,14,59,19.09,75,0,17.3
12/23/2015,15,57.9,19.09,75,0,19.6
12/23/2015,16,57,19.09,77,0,17.3
12/23/2015,17,57,19.09,77,0,18.4
12/23/2015,18,57,19.09,77,0,13.8
12/23/2015,19,57.9,19.09,75,0,19.6
12/23/2015,20,57.9,19.09,72,0,25.3
12/23/2015,21,57,19.09,62,0,23
12/23/2015,22,48.9,19.09,71,0,40.3
12/23/2015,23,42.1,33.6,70,0,18.4
12/24/2015,0,43,33.8,68,0,23
12/24/2015,1,41,30,65,0,28.8
12/24/2015,2,41,32.2,62,0,18.4
12/24/2015,3,39,29,65,0,20.7
12/24/2015,4,37.9,29.2,68,0,15
12/24/2015,5,37,27.7,73,0,16.1
12/24/2015,6,36,27.5,73,0,12.7
12/24/2015,7,36,27.1,73,0,13.8
12/24/2015,8,37,28.1,70,0,15
12/24/2015,9,39,31.4,67,0,12.7
12/24/2015,10,39.9,32.9,65,0,11.5
12/24/2015,11,39.9,31.8,65,0,15
12/24/2015,12,41,33.5,62,0,13.8
12/24/2015,13,42.1,36.1,62,0,10.4
12/24/2015,14,42.1,37.1,62,0,8.1
12/24/2015,15,42.1,37.1,65,0,8.1
12/24/2015,16,42.1,38.4,67,0,5.8
12/24/2015,17,42.1,38.4,70,0,5.8
12/24/2015,18,43,39.5,68,0,5.8
12/24/2015,19,43,39.5,71,0,5.8
12/24/2015,20,44.1,42.5,68,0,3.5
12/24/2015,21,44.1,42.5,71,0,3.5
12/24/2015,22,41,19.09,76,0,0
12/24/2015,23,43,41.3,74,0,3.5
12/25/2015,0,42.1,39.2,76,0,4.6
12/25/2015,1,42.1,38.4,76,0,5.8
12/25/2015,2,41,36.4,79,0,6.9
12/25/2015,3,39,34,79,0,6.9
12/25/2015,4,37.9,33.5,79,0,5.8
12/25/2015,5,37.9,30.9,79,0,10.4
12/25/2015,6,37,31,76,0,8.1
12/25/2015,7,36,32.1,79,0,4.6
12/25/2015,8,39,34,76,0,6.9
12/25/2015,9,41,34.7,70,0,10.4
12/25/2015,10,43,37.7,65,0,9.2
12/25/2015,11,45,39.7,60,0,10.4
12/25/2015,12,46,41.4,56,0,9.2
12/25/2015,13,43,36,65,0,13.8
12/25/2015,14,42.1,37.1,65,0,8.1
12/25/2015,15,39.9,32.9,70,0,11.5
12/25/2015,16,39.9,32.5,70,0,12.7
12/25/2015,17,39.9,33.4,70,0,10.4
12/25/2015,18,39,32.3,70,0,10.4
12/25/2015,19,37.9,32.1,76,0,8.1
12/25/2015,20,37.9,30.9,76,0,10.4
12/25/2015,21,39,31.8,76,0,11.5
12/25/2015,22,41,33.9,79,0,12.7
12/25/2015,23,41,34.3,79,0,11.5
12/26/2015,0,41,33.5,73,0,13.8
12/26/2015,1,41,33.9,70,0,12.7
12/26/2015,2,41,33.5,70,0,13.8
12/26/2015,3,41,33.1,73,0,15
12/26/2015,4,41,33.9,70,0,12.7
12/26/2015,5,42.1,34.5,65,0,15
12/26/2015,6,42.1,34.2,65,0,16.1
12/26/2015,7,42.1,34.2,67,0,16.1
12/26/2015,8,43,36.4,65,0,12.7
12/26/2015,9,43,38.2,71,0,8.1
12/26/2015,10,43,38.2,80,0.02,8.1
12/26/2015,11,43,38.2,80,0.05,8.1
12/26/2015,12,44.1,39.5,82,0,8.1
12/26/2015,13,45,41.8,82,0,5.8
12/26/2015,14,45,40.6,82,0,8.1
12/26/2015,15,44.1,40.1,89,0,6.9
12/26/2015,16,44.1,40.8,93,0,5.8
12/26/2015,17,45,42.6,90,0.01,4.6
12/26/2015,18,45,41.8,90,0,5.8
12/26/2015,19,45,41.8,90,0,5.8
12/26/2015,20,45,40.1,90,0,9.2
12/26/2015,21,44.1,38.6,89,0.01,10.4
12/26/2015,22,44.1,37.7,89,0,12.7
12/26/2015,23,43,38.2,93,0.04,8.1
12/27/2015,0,42.1,35.2,89,0.04,12.7
12/27/2015,1,41,32.2,86,0.03,18.4
12/27/2015,2,41,31.9,82,0.03,19.6
12/27/2015,3,39.9,30.8,83,0.02,18.4
12/27/2015,4,39,29.9,86,0.03,17.3
12/27/2015,5,39.9,30.5,83,0.01,19.6
12/27/2015,6,39.9,31.8,83,0,15
12/27/2015,7,41,32.8,79,0,16.1
12/27/2015,8,41,31.6,76,0,20.7
12/27/2015,9,39.9,30.2,79,0,20.7
12/27/2015,10,42.1,32.8,73,0.01,21.9
12/27/2015,11,41,31.6,73,0,20.7
12/27/2015,12,41,31.6,70,0,20.7
12/27/2015,13,39.9,30,70,0,21.9
12/27/2015,14,39.9,29.7,68,0,23
12/27/2015,15,39,30.3,67,0,16.1
12/27/2015,16,37.9,27.9,70,0,19.6
12/27/2015,17,37,26.7,76,0,19.6
12/27/2015,18,37,27.7,73,0,16.1
12/27/2015,19,37.9,28.2,65,0,18.4
12/27/2015,20,37.9,27.6,68,0,20.7
12/27/2015,21,37.9,28.2,65,0,18.4
12/27/2015,22,37,25.6,62,0,24.2
12/27/2015,23,37,26.7,65,0,19.6
12/28/2015,0,37,25.6,65,0,24.2
12/28/2015,1,36,26,67,0,17.3
12/28/2015,2,36,24.7,64,0,21.9
12/28/2015,3,35.1,22.7,70,0,25.3
12/28/2015,4,35.1,23.3,67,0,23
12/28/2015,5,35.1,24.1,67,0,19.6
12/28/2015,6,34,21,73,0.01,26.5
12/28/2015,7,33.1,19.8,78,0.01,26.5
12/28/2015,8,33.1,19.6,78,0.02,27.6
12/28/2015,9,33.1,19.8,78,0.07,26.5
12/28/2015,10,33.1,20.6,78,0,23
12/28/2015,11,33.1,20.1,85,0.19,25.3
12/28/2015,12,34,21.3,82,0.09,25.3
12/28/2015,13,35.1,23,85,0.2,24.2
12/28/2015,14,35.1,23,85,0.19,24.2
12/28/2015,15,35.1,22.5,85,0.32,26.5
12/28/2015,16,35.1,23.3,85,0.1,23
12/28/2015,17,36,23.5,82,0,27.6
12/28/2015,18,37,28.9,82,0.08,12.7
12/28/2015,19,37,29.8,86,0.04,10.4
12/28/2015,20,37,28.9,89,0.03,12.7
12/28/2015,21,37,29.8,89,0,10.4
12/28/2015,22,41,34.3,89,0.01,11.5
12/28/2015,23,42.1,33.6,85,0,18.4
12/29/2015,0,39.9,31.4,83,0,16.1
12/29/2015,1,37.9,28.9,83,0,16.1
12/29/2015,2,37,26.4,82,0,20.7
12/29/2015,3,37,27.7,79,0,16.1
12/29/2015,4,36,25.3,82,0,19.6
12/29/2015,5,35.1,25.2,85,0,16.1
12/29/2015,6,34,23,85,0,18.4
12/29/2015,7,34,22.7,85,0,19.6
12/29/2015,8,34,23,82,0,18.4
12/29/2015,9,34,25,82,0,12.7
12/29/2015,10,34,25,82,0,12.7
12/29/2015,11,33.1,25.5,82,0,9.2
12/29/2015,12,33.1,23.4,78,0,13.8
12/29/2015,13,33.1,25.5,75,0,9.2
12/29/2015,14,33.1,24.4,72,0,11.5
12/29/2015,15,33.1,23.9,72,0,12.7
12/29/2015,16,32,23,75,0,11.5
12/29/2015,17,32,21.6,75,0,15
12/29/2015,18,32,24.2,73,0,9.2
12/29/2015,19,32,24.8,73,0,8.1
12/29/2015,20,32,24.2,73,0,9.2
12/29/2015,21,30.9,23.5,76,0,8.1
12/29/2015,22,30.9,25.2,76,0,5.8
12/29/2015,23,30.9,23.5,76,0,8.1
12/30/2015,0,30.9,24.3,72,0,6.9
12/30/2015,1,30.9,24.3,72,0,6.9
12/30/2015,2,30.2,22.6,75,0,8.1
12/30/2015,3,30,23.2,72,0,6.9
12/30/2015,4,30,23.2,72,0,6.9
12/30/2015,5,30,23.2,72,0,6.9
12/30/2015,6,30,24.1,75,0,5.8
12/30/2015,7,28.9,21.1,78,0,8.1
12/30/2015,8,28,20.8,85,0.02,6.9
12/30/2015,9,28,20.8,88,0,6.9
12/30/2015,10,28.9,20.4,82,0,9.2
12/30/2015,11,30,21.1,72,0,10.4
12/30/2015,12,30,20.5,69,0,11.5
12/30/2015,13,30,21.7,69,0,9.2
12/30/2015,14,30,22.4,69,0,8.1
12/30/2015,15,28.9,19.8,69,0,10.4
12/30/2015,16,28.9,19.2,69,0,11.5
12/30/2015,17,28,20,72,0,8.1
12/30/2015,18,28.9,20.4,72,0,9.2
12/30/2015,19,28,18.6,72,0,10.4
12/30/2015,20,28,17.5,72,0,12.7
12/30/2015,21,28.9,21.1,72,0,8.1
12/30/2015,22,28,21.7,72,0,5.8
12/30/2015,23,28.4,19.1,74,0,10.4
12/31/2015,0,28.9,19.2,69,0,11.5
12/31/2015,1,28.9,19.2,72,0,11.5
12/31/2015,2,28.9,19.8,72,0,10.4
12/31/2015,3,28.9,20.4,72,0,9.2
12/31/2015,4,26.1,17.6,75,0,8.1
12/31/2015,5,26.1,15,71,0,12.7
12/31/2015,6,25,13.6,72,0,12.7
12/31/2015,7,26.1,15.6,71,0,11.5
12/31/2015,8,26.1,15.6,75,0,11.5
12/31/2015,9,27,18,72,0,9.2
12/31/2015,10,27,15.2,66,0,15
12/31/2015,11,28,17.5,66,0,12.7
12/31/2015,12,28,16.1,61,0,16.1
12/31/2015,13,28,16.1,63,0,16.1
12/31/2015,14,28,16.1,63,0,16.1
12/31/2015,15,28,17,66,0,13.8
12/31/2015,16,28,17,66,0,13.8
12/31/2015,17,28,18.6,66,0,10.4
12/31/2015,18,26.1,15,69,0,12.7
12/31/2015,19,25,13.6,72,0,12.7
12/31/2015,20,24.1,13.7,75,0,10.4
12/31/2015,21,25,13.6,72,0,12.7
12/31/2015,22,26.1,15,63,0,12.7
12/31/2015,23,26.1,13.1,63,0,17.3
1/1/2016,0,25,13.1,66,0,13.8
1/1/2016,1,24.1,10.1,62,0,18.4
1/1/2016,2,21.9,7.3,66,0,18.4
1/1/2016,3,21,8.6,65,0,12.7
1/1/2016,4,19.9,6.7,68,0,13.8
1/1/2016,5,21,7.1,71,0,16.1
1/1/2016,6,23,10.6,68,0,13.8
1/1/2016,7,24.1,11.5,69,0,15
1/1/2016,8,25,12.6,69,0,15
1/1/2016,9,26.1,13.6,66,0,16.1
1/1/2016,10,26.1,13.6,69,0,16.1
1/1/2016,11,27,14.7,69,0,16.1
1/1/2016,12,27,14.3,69,0,17.3
1/1/2016,13,28,15.3,69,0,18.4
1/1/2016,14,28.9,17.3,69,0,16.1
1/1/2016,15,28.9,16.9,69,0,17.3
1/1/2016,16,28.9,18.2,69,0,13.8
1/1/2016,17,30,20,72,0,12.7
1/1/2016,18,30.9,21.2,69,0,12.7
1/1/2016,19,30.9,21.7,67,0,11.5
1/1/2016,20,30.9,21.7,67,0,11.5
1/1/2016,21,30.9,22.2,67,0,10.4
1/1/2016,22,30,21.1,66,0,10.4
1/1/2016,23,28.9,20.4,67,0,9.2
1/2/2016,0,28,20.8,66,0,6.9
1/2/2016,1,27,18,69,0,9.2
1/2/2016,2,27,18.7,66,0,8.1
1/2/2016,3,26.1,16.8,69,0,9.2
1/2/2016,4,26.1,17.6,69,0,8.1
1/2/2016,5,25,16.3,72,0,8.1
1/2/2016,6,23,14.7,74,0,6.9
1/2/2016,7,21.9,13.4,78,0,6.9
1/2/2016,8,23,13.9,74,0,8.1
1/2/2016,9,26.1,16.2,69,0,10.4
1/2/2016,10,28,17.5,66,0,12.7
1/2/2016,11,28.9,19.2,67,0,11.5
1/2/2016,12,30.9,21.2,64,0,12.7
1/2/2016,13,32,21.6,64,0,15
1/2/2016,14,33.1,22.6,64,0,16.1
1/2/2016,15,33.1,24.4,64,0,11.5
1/2/2016,16,32,22.5,66,0,12.7
1/2/2016,17,32,21.2,69,0,16.1
1/2/2016,18,32,21.2,69,0,16.1
1/2/2016,19,32,19.5,69,0,21.9
1/2/2016,20,32,21.2,66,0,16.1
1/2/2016,21,30.9,20.7,64,0,13.8
1/2/2016,22,30,19.5,64,0,13.8
1/2/2016,23,28,19.3,66,0,9.2
1/3/2016,0,27,18,69,0,9.2
1/3/2016,1,26.1,18.4,69,0,6.9
1/3/2016,2,26.1,16.8,66,0,9.2
1/3/2016,3,25,14.8,69,0,10.4
1/3/2016,4,25,17.1,69,0,6.9
1/3/2016,5,24.1,15.2,71,0,8.1
1/3/2016,6,25,14.8,72,0,10.4
1/3/2016,7,27,18,69,0,9.2
1/3/2016,8,28.9,18.6,67,0,12.7
1/3/2016,9,30,20.5,69,0,11.5
1/3/2016,10,30.9,21.2,67,0,12.7
1/3/2016,11,30.9,20.2,64,0,15
1/3/2016,12,30.9,18.7,61,0,19.6
1/3/2016,13,30,18.7,61,0,16.1
1/3/2016,14,30,21.1,61,0,10.4
1/3/2016,15,30,20.5,59,0,11.5
1/3/2016,16,30,20,64,0,12.7
1/3/2016,17,30,19.5,64,0,13.8
1/3/2016,18,28.9,17.7,64,0,15
1/3/2016,19,28.9,18.2,64,0,13.8
1/3/2016,20,28,19.3,58,0,9.2
1/3/2016,21,28,18.6,63,0,10.4
1/3/2016,22,28,18.6,66,0,10.4
1/3/2016,23,28,18.6,66,0,10.4
1/4/2016,0,27,18,66,0,9.2
1/4/2016,1,26.1,16.8,66,0,9.2
1/4/2016,2,25,15.5,66,0,9.2
1/4/2016,3,25,15.5,69,0,9.2
1/4/2016,4,27,15.6,66,0,13.8
1/4/2016,5,27,16.7,66,0,11.5
1/4/2016,6,27,17.3,66,0,10.4
1/4/2016,7,27,15.6,66,0,13.8
1/4/2016,8,28,16.5,63,0,15
1/4/2016,9,28.9,17.3,67,0,16.1
1/4/2016,10,28.9,18.6,69,0,12.7
1/4/2016,11,32,21.6,54,0,15
1/4/2016,12,32,23,59,0,11.5
1/4/2016,13,30.9,20.7,61,0,13.8
1/4/2016,14,30.9,22.2,59,0,10.4
1/4/2016,15,30,20.5,61,0,11.5
1/4/2016,16,30.9,22.2,57,0,10.4
1/4/2016,17,30,21.1,61,0,10.4
1/4/2016,18,30,20.5,59,0,11.5
1/4/2016,19,30,22.4,59,0,8.1
1/4/2016,20,30,21.7,56,0,9.2
1/5/2016,1,23,13.9,63,0,8.1
1/5/2016,2,21.9,13.4,66,0,6.9
1/5/2016,3,21,11.4,68,0,8.1
1/5/2016,4,21,13.4,74,0,5.8
1/5/2016,5,21,11.4,74,0,8.1
1/5/2016,6,21,12.4,78,0,6.9
1/5/2016,7,21,12.4,81,0,6.9
1/5/2016,8,24.1,13.7,75,0,10.4
1/5/2016,9,27,16.1,72,0,12.7
1/5/2016,10,30,19.1,66,0,15
1/5/2016,11,32,22.1,64,0,13.8
1/5/2016,12,33.1,23.4,59,0,13.8
1/5/2016,13,34,25.5,59,0,11.5
1/5/2016,14,34,24.2,59,0,15
1/5/2016,15,33.1,23.9,61,0,12.7
1/5/2016,16,33.1,23.4,61,0,13.8
1/5/2016,17,32,24.8,64,0,8.1
1/5/2016,18,30.9,23.5,67,0,8.1
1/5/2016,19,30.9,23.5,67,0,8.1
1/5/2016,20,30.9,22.8,67,0,9.2
1/5/2016,21,28.9,21.9,69,0,6.9
1/5/2016,22,28,20.8,72,0,6.9
1/5/2016,23,28,21.7,69,0,5.8
1/6/2016,0,27,20.5,69,0,5.8
1/6/2016,1,27,19.5,69,0,6.9
1/6/2016,2,27,19.5,69,0,6.9
1/6/2016,3,26.1,19.4,71,0,5.8
1/6/2016,4,26.1,18.4,69,0,6.9
1/6/2016,5,26.1,18.4,69,0,6.9
1/6/2016,6,25,17.1,72,0,6.9
1/6/2016,7,26.1,20.5,69,0,4.6
1/6/2016,8,28,20,66,0,8.1
1/6/2016,9,30.9,22.2,61,0,10.4
1/6/2016,10,34,25,56,0,12.7
1/6/2016,11,36,28.5,55,0,10.4
1/6/2016,12,37,28.9,54,0,12.7
1/6/2016,13,37.9,30.9,57,0,10.4
1/6/2016,14,37.9,32.1,57,0,8.1
1/6/2016,15,39,33.4,57,0,8.1
1/6/2016,16,39,34,57,0,6.9
1/6/2016,17,37.9,31.5,62,0,9.2
1/6/2016,18,37.9,32.7,62,0,6.9
1/6/2016,19,37,31.6,65,0,6.9
1/6/2016,20,37,30.4,62,0,9.2
1/6/2016,21,37.9,31.5,57,0,9.2
1/6/2016,22,37,31,59,0,8.1
1/6/2016,23,37,30.4,57,0,9.2
1/7/2016,0,37,31.6,57,0,6.9
1/7/2016,1,37,31,57,0,8.1
1/7/2016,2,37,33.3,57,0,4.6
1/7/2016,3,36,30.3,59,0,6.9
1/7/2016,4,36,30.3,59,0,6.9
1/7/2016,5,36,30.3,59,0,6.9
1/7/2016,6,36,31.1,59,0,5.8
1/7/2016,7,37,31.6,57,0,6.9
1/7/2016,8,37,30.4,57,0,9.2
1/7/2016,9,37.9,30.9,55,0,10.4
1/7/2016,10,39.9,35.1,53,0,6.9
1/7/2016,11,41,37.1,51,0,5.8
1/7/2016,12,42.1,37.7,49,0,6.9
1/7/2016,13,42.1,37.7,51,0,6.9
1/7/2016,14,43,40.3,53,0,4.6
1/7/2016,15,42.1,37.7,55,0,6.9
1/7/2016,16,42.1,38.4,55,0,5.8
1/7/2016,17,43,38.2,53,0,8.1
1/7/2016,18,42.1,36.6,55,0,9.2
1/7/2016,19,42.1,37.7,58,0,6.9
1/7/2016,20,42.1,37.7,58,0,6.9
1/7/2016,21,42.1,38.4,58,0,5.8
1/7/2016,22,39.9,36.7,65,0,4.6
1/7/2016,23,39.9,35.8,65,0,5.8
1/8/2016,0,41,38,62,0,4.6
1/8/2016,1,39.9,35.8,70,0,5.8
1/8/2016,2,41,37.1,70,0,5.8
1/8/2016,3,41,37.1,73,0,5.8
1/8/2016,4,39.9,35.1,79,0,6.9
1/8/2016,5,41,35.8,76,0,8.1
1/8/2016,6,41,36.4,79,0,6.9
1/8/2016,7,41,35.8,79,0,8.1
1/8/2016,8,41,37.1,86,0,5.8
1/8/2016,9,41,35.2,86,0.01,9.2
1/8/2016,10,42.1,37.1,85,0,8.1
1/8/2016,11,43,38.8,86,0.01,6.9
1/8/2016,12,43,38.8,86,0,6.9
1/8/2016,13,44.1,39.5,85,0,8.1
1/8/2016,14,44.1,40.1,89,0.01,6.9
1/8/2016,15,45,39.7,86,0,10.4
1/8/2016,16,44.1,40.1,89,0,6.9
1/8/2016,17,45,41.8,90,0.06,5.8
1/8/2016,18,45,41.2,90,0.02,6.9
1/8/2016,19,45,40.6,90,0.01,8.1
1/8/2016,20,45,40.1,90,0,9.2
1/8/2016,21,46,41.9,86,0,8.1
1/8/2016,22,45,39.7,90,0,10.4
1/8/2016,23,44.1,39.5,93,0,8.1
1/9/2016,0,44.1,38.6,89,0,10.4
1/9/2016,1,43,37.2,89,0,10.4
1/9/2016,2,43,37.7,89,0,9.2
1/9/2016,3,42.1,36.1,89,0,10.4
1/9/2016,4,39.9,35.8,93,0,5.8
1/9/2016,5,39.9,35.1,93,0,6.9
1/9/2016,6,39.9,35.1,89,0,6.9
1/9/2016,7,39.9,35.8,89,0,5.8
1/9/2016,8,39,33.4,89,0,8.1
1/9/2016,9,37.9,32.7,93,0,6.9
1/9/2016,10,39,34,86,0,6.9
1/9/2016,11,39,19.09,86,0,0
1/9/2016,12,39,19.09,82,0,0
1/9/2016,13,39,34.8,82,0.04,5.8
1/9/2016,14,37.4,30.8,81,0.04,9.2
1/9/2016,15,35.1,29.3,85,0.02,6.9
1/9/2016,16,34,28,85,0.01,6.9
1/9/2016,17,34,26.6,85,0.01,9.2
1/9/2016,18,34,26,89,0.02,10.4
1/9/2016,19,34,24.2,85,0,15
1/9/2016,20,33.1,21.2,85,0.01,20.7
1/9/2016,21,33.1,21.5,85,0,19.6
1/9/2016,22,28.9,16.5,82,0,18.4
1/9/2016,23,27,13.5,78,0,19.6
1/10/2016,0,25,9.9,78,0,23
1/10/2016,1,24.1,9.8,75,0,19.6
1/10/2016,2,23,9.2,74,0,17.3
1/10/2016,3,21.9,5.8,75,0,23
1/10/2016,4,21,5,71,0,21.9
1/10/2016,5,19,2.4,74,0,21.9
1/10/2016,6,18,1.3,71,0,20.7
1/10/2016,7,16,1.1,71,0,15
1/10/2016,8,15.1,-1.6,68,0,18.4
1/10/2016,9,15.1,-1.6,70,0,18.4
1/10/2016,10,16,0.6,68,0,16.1
1/10/2016,11,16,1.7,65,0,13.8
1/10/2016,12,16,-0.4,65,0,18.4
1/10/2016,13,15.1,-0.6,64,0,16.1
1/10/2016,14,14,-2,67,0,16.1
1/10/2016,15,12.9,-3.4,67,0,16.1
1/10/2016,16,10,-8.1,67,0,18.4
1/10/2016,17,8.1,-7.7,64,0,12.7
1/10/2016,18,7,-11.6,67,0,17.3
1/10/2016,19,7,-11,64,0,16.1
1/10/2016,20,6.1,-11.6,63,0,15
1/10/2016,21,6.1,-11.6,60,0,15
1/10/2016,22,5,-13.6,63,0,16.1
1/10/2016,23,3.9,-15,64,0,16.1
1/11/2016,0,3.9,-14.3,64,0,15
1/11/2016,1,3,-14.1,66,0,12.7
1/11/2016,2,3,-14.8,66,0,13.8
1/11/2016,3,1.9,-13.8,66,0,10.4
1/11/2016,4,1.9,-13.8,66,0,10.4
1/11/2016,5,1.9,-11.8,66,0,8.1
1/11/2016,6,1.9,-11.8,66,0,8.1
1/11/2016,7,3,-9.3,66,0,6.9
1/11/2016,8,3.9,-11.3,66,0,10.4
1/11/2016,9,6.1,-6.8,69,0,8.1
1/11/2016,10,9,-4.2,67,0,9.2
1/11/2016,11,12,0.5,64,0,8.1
1/11/2016,12,15.1,5.2,64,0,6.9
1/11/2016,13,17.1,5,68,0,10.4
1/11/2016,14,18,7.7,71,0,8.1
1/11/2016,15,19,10,71,0,6.9
1/11/2016,16,21,9.3,71,0,11.5
1/11/2016,17,21.9,11.7,78,0,9.2
1/11/2016,18,23,13.9,81,0.01,8.1
1/11/2016,19,23,13.1,81,0.01,9.2
1/11/2016,20,26.1,15,81,0.01,12.7
1/11/2016,21,26.1,15.6,81,0,11.5
1/11/2016,22,26.1,12,78,0,20.7
1/11/2016,23,24.1,9,71,0,21.9
1/12/2016,0,21,4.3,68,0,24.2
1/12/2016,1,18,1.7,68,0,19.6
1/12/2016,2,19,5,68,0,15
1/12/2016,3,19,6.8,68,0,11.5
1/12/2016,4,18,3.6,65,0,15
1/12/2016,5,17.1,3,71,0,13.8
1/12/2016,6,14,-5.1,64,0,24.2
1/12/2016,7,10.9,-7.9,64,0,20.7
1/12/2016,8,8.6,-8.9,62,0,16.1
1/12/2016,9,9,-9.5,56,0,18.4
1/12/2016,10,10,-8.1,56,0,18.4
1/12/2016,11,10.4,-7.7,57,0,18.4
1/12/2016,12,12,-6,56,0,19.6
1/12/2016,13,12,-2.7,56,0,12.7
1/12/2016,14,12.9,-2.8,54,0,15
1/12/2016,15,12,-5.1,56,0,17.3
1/12/2016,16,10.9,-7.5,59,0,19.6
1/12/2016,17,10,-7.1,58,0,16.1
1/12/2016,18,9,-6.6,59,0,12.7
1/12/2016,19,8.1,-6.2,61,0,10.4
1/12/2016,20,7,-6.6,61,0,9.2
1/12/2016,21,6.1,-8.7,63,0,10.4
1/12/2016,22,5,-6.9,63,0,6.9
1/12/2016,23,5,-9.1,63,0,9.2
1/13/2016,0,5,-10,63,0,10.4
1/13/2016,1,3.9,-9.4,64,0,8.1
1/13/2016,2,3,-9.3,66,0,6.9
1/13/2016,3,3,-10.5,66,0,8.1
1/13/2016,4,1.9,-10.6,69,0,6.9
1/13/2016,5,1.9,-7.6,72,0,4.6
1/13/2016,6,1.9,-12.9,72,0,9.2
1/13/2016,7,3,-12.5,76,0,10.4
1/13/2016,8,6.1,-8.7,69,0,10.4
1/13/2016,9,9,-3.2,67,0,8.1
1/13/2016,10,10.9,-2.6,61,0,10.4
1/13/2016,11,12,-2.7,67,0,12.7
1/13/2016,12,14,-0.2,67,0,12.7
1/13/2016,13,16,1.7,71,0,13.8
1/13/2016,14,18,4.8,68,0,12.7
1/13/2016,15,21,13.4,68,0,5.8
1/13/2016,16,21.9,12.5,72,0,8.1
1/13/2016,17,24.1,15.2,69,0,8.1
1/13/2016,18,24.1,14.4,71,0,9.2
1/13/2016,19,24.1,15.2,75,0,8.1
1/13/2016,20,25,18.1,72,0,5.8
1/13/2016,21,27,16.7,69,0,11.5
1/13/2016,22,28,20,69,0,8.1
1/13/2016,23,28.9,18.6,69,0,12.7
1/14/2016,0,28.9,20.4,72,0,9.2
1/14/2016,1,30,22.4,72,0,8.1
1/14/2016,2,28,19.3,75,0,9.2
1/14/2016,3,28.9,22.8,75,0,5.8
1/14/2016,4,30.9,24.3,72,0,6.9
1/14/2016,5,32,25.6,73,0,6.9
1/14/2016,6,32,26.4,75,0,5.8
1/14/2016,7,34,28.8,70,0,5.8
1/14/2016,8,34,26,70,0,10.4
1/14/2016,9,36,28.5,70,0,10.4
1/14/2016,10,37.9,30.9,65,0,10.4
1/14/2016,11,39.9,33.9,63,0,9.2
1/14/2016,12,42.1,34.5,60,0,15
1/14/2016,13,43,35.4,60,0,16.1
1/14/2016,14,44.1,37.7,63,0,12.7
1/14/2016,15,45,38.2,65,0,15
1/14/2016,16,45,38.9,71,0,12.7
1/14/2016,17,45,38.5,74,0,13.8
1/14/2016,18,45,39.3,71,0,11.5
1/14/2016,19,45,38.9,71,0,12.7
1/14/2016,20,44.1,37.4,71,0,13.8
1/14/2016,21,44.1,36.8,71,0,16.1
1/14/2016,22,44.1,37.1,73,0,15
1/14/2016,23,42.1,35.2,79,0,12.7
1/15/2016,0,43,36.4,80,0,12.7
1/15/2016,1,43,36.4,80,0,12.7
1/15/2016,2,43,36.4,80,0,12.7
1/15/2016,3,43,36.4,76,0,12.7
1/15/2016,4,42.1,35.7,79,0,11.5
1/15/2016,5,42.1,35.7,79,0,11.5
1/15/2016,6,42.1,34.9,79,0,13.8
1/15/2016,7,41,35.2,79,0,9.2
1/15/2016,8,42.1,36.1,79,0,10.4
1/15/2016,9,42.1,35.7,79,0,11.5
1/15/2016,10,41,34.7,82,0.01,10.4
1/15/2016,11,41,35.8,86,0,8.1
1/15/2016,12,39.9,34.5,83,0,8.1
1/15/2016,13,37.9,29.6,76,0,13.8
1/15/2016,14,37.9,30,73,0,12.7
1/15/2016,15,35.1,25.5,78,0,15
1/15/2016,16,35.1,27.4,78,0,10.4
1/15/2016,17,34,24.2,82,0,15
1/15/2016,18,34,24.6,82,0,13.8
1/15/2016,19,33.1,22.6,82,0,16.1
1/15/2016,20,33.1,22.6,78,0,16.1
1/15/2016,21,33.1,24.4,78,0,11.5
1/15/2016,22,33.1,23.9,78,0,12.7
1/15/2016,23,32,20.5,73,0,18.4
1/16/2016,0,32,21.6,69,0,15
1/16/2016,1,32,24.2,69,0,9.2
1/16/2016,2,32,21.6,66,0,15
1/16/2016,3,30.9,19.1,67,0,18.4
1/16/2016,4,30,18.3,59,0,17.3
1/16/2016,5,28.9,19.8,58,0,10.4
1/16/2016,6,28,17,63,0,13.8
1/16/2016,7,27,18.7,69,0,8.1
1/16/2016,8,28,17.5,66,0,12.7
1/16/2016,9,30,21.1,64,0,10.4
1/16/2016,10,32,23.6,61,0,10.4
1/16/2016,11,30.9,21.7,64,0,11.5
1/16/2016,12,30,20.5,66,0,11.5
1/16/2016,13,28.9,18.2,64,0,13.8
1/16/2016,14,28.9,17.7,58,0,15
1/16/2016,15,28.9,18.2,54,0,13.8
1/16/2016,16,27,17.3,53,0,10.4
1/16/2016,17,27,18,58,0,9.2
1/16/2016,18,25,13.1,60,0,13.8
1/16/2016,19,24.1,12,53,0,13.8
1/16/2016,20,23,11.7,60,0,11.5
1/16/2016,21,21,6.6,57,0,17.3
1/16/2016,22,19,5,57,0,15
1/16/2016,23,14,-1.4,52,0,15
1/17/2016,0,10,-6.5,56,0,15
1/17/2016,1,9,-7.9,59,0,15
1/17/2016,2,8.1,-6.2,58,0,10.4
1/17/2016,3,7,-9.1,61,0,12.7
1/17/2016,4,7,-9.1,58,0,12.7
1/17/2016,5,6.1,-10.9,58,0,13.8
1/17/2016,6,3.9,-13.7,58,0,13.8
1/17/2016,7,3.9,-13.7,60,0,13.8
1/17/2016,8,3.9,-14.3,58,0,15
1/17/2016,9,3.9,-14.3,53,0,15
1/17/2016,10,3.9,-15,53,0,16.1
1/17/2016,11,5,-14.7,50,0,18.4
1/17/2016,12,6.1,-14.3,48,0,20.7
1/17/2016,13,6.1,-15.2,50,0,23
1/17/2016,14,7,-13.1,48,0,20.7
1/17/2016,15,6.1,-12.2,45,0,16.1
1/17/2016,16,3.9,-16.6,50,0,19.6
1/17/2016,17,3.9,-15,53,0,16.1
1/17/2016,18,3,-17.8,52,0,19.6
1/17/2016,19,3,-14.8,52,0,13.8
1/17/2016,20,1.9,-18.1,55,0,17.3
1/17/2016,21,1.9,-16.2,52,0,13.8
1/17/2016,22,1,-15.8,55,0,11.5
1/17/2016,23,1,-16.6,55,0,12.7
1/18/2016,0,0,-16.3,57,0,10.4
1/18/2016,1,0,-17.1,54,0,11.5
1/18/2016,2,-0.9,-20.6,57,0,15
1/18/2016,3,-0.9,-17.4,57,0,10.4
1/18/2016,4,-0.9,-19.9,57,0,13.8
1/18/2016,5,-2,-19.6,60,0,11.5
1/18/2016,6,-2,-20.5,60,0,12.7
1/18/2016,7,-2,-21.9,60,0,15
1/18/2016,8,0,-19.4,57,0,15
1/18/2016,9,3,-13.3,52,0,11.5
1/18/2016,10,5,-10,50,0,10.4
1/18/2016,11,7,-8.3,48,0,11.5
1/18/2016,12,8.1,-7,46,0,11.5
1/18/2016,13,9,-7.3,46,0,13.8
1/18/2016,14,9,-6.6,46,0,12.7
1/18/2016,15,9,-7.9,48,0,15
1/18/2016,16,7,-9.8,53,0,13.8
1/18/2016,17,7,-9.8,55,0,13.8
1/18/2016,18,7,-7.5,55,0,10.4
1/18/2016,19,6.1,-11.6,58,0,15
1/18/2016,20,6.1,-8.7,55,0,10.4
1/18/2016,21,5,-10.8,61,0,11.5
1/18/2016,22,5,-9.1,58,0,9.2
1/18/2016,23,3.9,-12.2,60,0,11.5
1/19/2016,0,3.9,-13,60,0,12.7
1/19/2016,1,3.9,-11.3,60,0,10.4
1/19/2016,2,3,-10.5,60,0,8.1
1/19/2016,3,3,-10.5,60,0,8.1
1/19/2016,4,3,-8,60,0,5.8
1/19/2016,5,1.9,-11.8,60,0,8.1
1/19/2016,6,1.9,-9.2,60,0,5.8
1/19/2016,7,3,-9.3,60,0,6.9
1/19/2016,8,3.9,19.09,64,0,0
1/19/2016,9,7,19.09,58,0,0
1/19/2016,10,10,1.8,53,0,4.6
1/19/2016,11,12.9,6.9,49,0,3.5
1/19/2016,12,16,6.3,45,0,6.9
1/19/2016,13,18,6.9,44,0,9.2
1/19/2016,14,18,19.09,44,0,0
1/19/2016,15,18,11.1,45,0,4.6
1/19/2016,16,17.1,10,45,0,4.6
1/19/2016,17,17.1,5.8,45,0,9.2
1/19/2016,18,17.1,8.7,50,0,5.8
1/19/2016,19,17.1,11.7,52,0,3.5
1/19/2016,20,17.1,8.7,50,0,5.8
1/19/2016,21,17.1,10,52,0,4.6
1/19/2016,22,18,8.7,52,0,6.9
1/19/2016,23,18,9.8,54,0,5.8
1/20/2016,0,18,8.7,57,0,6.9
1/20/2016,1,17.1,8.7,65,0,5.8
1/20/2016,2,17.1,11.7,77,0.02,3.5
1/20/2016,3,17.1,11.7,77,0.01,3.5
1/20/2016,4,17.1,19.09,77,0,0
1/20/2016,5,16,19.09,77,0,0
1/20/2016,6,17.1,19.09,77,0,0
1/20/2016,7,17.1,19.09,77,0,0
1/20/2016,8,17.1,19.09,81,0,0
1/20/2016,9,18,12.7,74,0,3.5
1/20/2016,10,19,12.3,71,0,4.6
1/20/2016,11,19.9,12.1,68,0,5.8
1/20/2016,12,21.9,13.4,66,0,6.9
1/20/2016,13,21.9,14.5,66,0,5.8
1/20/2016,14,24.1,19.09,62,0,0
1/20/2016,15,24.1,19.09,60,0,0
1/20/2016,16,21.9,17.2,60,0,3.5
1/20/2016,17,21.9,19.09,63,0,0
1/20/2016,18,19.9,13.4,68,0,4.6
1/20/2016,19,19,10,71,0,6.9
1/20/2016,20,18,19.09,74,0,0
1/20/2016,21,18,12.7,74,0,3.5
1/20/2016,22,19.9,19.09,71,0,0
1/20/2016,23,18,11.1,74,0,4.6
1/21/2016,0,18,19.09,71,0,0
1/21/2016,1,18,19.09,74,0,0
1/21/2016,2,18,11.1,74,0,4.6
1/21/2016,3,16,7.4,81,0,5.8
1/21/2016,4,16,10.4,77,0,3.5
1/21/2016,5,17.1,8.7,77,0,5.8
1/21/2016,6,17.1,8.7,77,0,5.8
1/21/2016,7,18,11.1,78,0,4.6
1/21/2016,8,19,12.3,77,0,4.6
1/21/2016,9,21.9,15.7,75,0,4.6
1/21/2016,10,23,19.09,68,0,0
1/21/2016,11,25,19.09,66,0,0
1/21/2016,12,27,23,58,0,3.5
1/21/2016,13,28.9,19.09,56,0,0
1/21/2016,14,30.9,19.09,54,0,0
1/21/2016,15,30,19.09,54,0,0
1/21/2016,16,28,20.8,61,0,6.9
1/21/2016,17,27,20.5,63,0,5.8
1/21/2016,18,26.1,20.5,66,0,4.6
1/21/2016,19,27,21.6,63,0,4.6
1/21/2016,20,26.1,19.09,66,0,0
1/21/2016,21,25,19.09,69,0,0
1/21/2016,22,23,19.09,74,0,0
1/21/2016,23,23,19.09,78,0,0
1/22/2016,0,24.1,17,75,0,5.8
1/22/2016,1,25,17.1,72,0,6.9
1/22/2016,2,26.1,18.4,71,0,6.9
1/22/2016,3,27,18.7,75,0,8.1
1/22/2016,4,27,18.7,75,0,8.1
1/22/2016,5,26.1,15.6,75,0,11.5
1/22/2016,6,26.1,15.6,75,0,11.5
1/22/2016,7,26.1,16.8,71,0,9.2
1/22/2016,8,27,20.5,72,0,5.8
1/22/2016,9,28,24.2,75,0,3.5
1/22/2016,10,28.9,19.2,78,0,11.5
1/22/2016,11,28.9,20.4,78,0,9.2
1/22/2016,12,30,19.5,69,0,13.8
1/22/2016,13,30,19.5,69,0,13.8
1/22/2016,14,30.9,19.4,59,0,17.3
1/22/2016,15,30.9,19.4,57,0.01,17.3
1/22/2016,16,30,19.5,66,0,13.8
1/22/2016,17,30,19.1,66,0,15
1/22/2016,18,32,21.2,56,0,16.1
1/22/2016,19,32,21.6,52,0,15
1/22/2016,20,30.9,20.7,47,0,13.8
1/22/2016,21,30,20,54,0,12.7
1/22/2016,22,30.9,22.2,54,0,10.4
1/22/2016,23,26.1,20.5,69,0,4.6
1/23/2016,0,28,18.6,72,0,10.4
1/23/2016,1,28.9,20.4,69,0,9.2
1/23/2016,2,28.9,20.4,72,0,9.2
1/23/2016,3,28,19.3,75,0,9.2
1/23/2016,4,28,18.6,75,0,10.4
1/23/2016,5,26.1,17.6,78,0,8.1
1/23/2016,6,25,19.09,78,0,0
1/23/2016,7,27,20.5,78,0,5.8
1/23/2016,8,28,21.7,78,0,5.8
1/23/2016,9,30,25.2,72,0,4.6
1/23/2016,10,30.9,19.09,76,0,0
1/23/2016,11,32,25.6,64,0,6.9
1/23/2016,12,32,27.5,61,0,4.6
1/23/2016,13,35.1,32.2,54,0,3.5
1/23/2016,14,34,27.2,52,0,8.1
1/23/2016,15,34,28.8,52,0,5.8
1/23/2016,16,32,26.4,54,0,5.8
1/23/2016,17,30,26.5,61,0,3.5
1/23/2016,18,30,25.2,61,0,4.6
1/23/2016,19,30,24.1,64,0,5.8
1/23/2016,20,28,21.7,66,0,5.8
1/23/2016,21,28,20,66,0,8.1
1/23/2016,22,27,19.5,69,0,6.9
1/23/2016,23,26.1,18.4,71,0,6.9
1/24/2016,0,25,17.1,72,0,6.9
1/24/2016,1,25,17.1,66,0,6.9
1/24/2016,2,25,13.6,63,0,12.7
1/24/2016,3,25,12.2,63,0,16.1
1/24/2016,4,26.1,15,60,0,12.7
1/24/2016,5,24.1,13.1,65,0,11.5
1/24/2016,6,24.1,14.4,65,0,9.2
1/24/2016,7,24.1,16,69,0,6.9
1/24/2016,8,27,16.1,63,0,12.7
1/24/2016,9,28.9,18.6,64,0,12.7
1/24/2016,10,30.9,22.2,64,0,10.4
1/24/2016,11,32,24.2,61,0,9.2
1/24/2016,12,34,28,59,0,6.9
1/24/2016,13,35.1,27.9,59,0,9.2
1/24/2016,14,36,32.1,59,0,4.6
1/24/2016,15,36,30.3,62,0,6.9
1/24/2016,16,35.1,30.1,64,0,5.8
1/24/2016,17,35.1,29.3,67,0,6.9
1/24/2016,18,34,28.8,70,0,5.8
1/24/2016,19,34,29.8,73,0,4.6
1/24/2016,20,33.1,30,75,0,3.5
1/24/2016,21,33.1,27.7,75,0,5.8
1/24/2016,22,32,26.4,75,0,5.8
1/24/2016,23,30.9,25.2,76,0,5.8
1/25/2016,0,30.9,23.5,72,0,8.1
1/25/2016,1,30,23.2,72,0,6.9
1/25/2016,2,30,24.1,69,0,5.8
1/25/2016,3,30,24.1,72,0,5.8
1/25/2016,4,30,22.4,72,0,8.1
1/25/2016,5,30,24.1,69,0,5.8
1/25/2016,6,30,22.4,69,0,8.1
1/25/2016,7,30,23.2,69,0,6.9
1/25/2016,8,32,23.6,66,0,10.4
1/25/2016,9,35.1,26.4,64,0,12.7
1/25/2016,10,37.9,32.1,60,0,8.1
1/25/2016,11,39.9,35.1,60,0,6.9
1/25/2016,12,41,34.7,60,0,10.4
1/25/2016,13,39.9,31.8,65,0,15
1/25/2016,14,39.9,32.9,68,0,11.5
1/25/2016,15,41,34.3,67,0,11.5
1/25/2016,16,39.9,31.4,77,0,16.1
1/25/2016,17,39,32.3,86,0.01,10.4
1/25/2016,18,39.9,34.5,86,0.04,8.1
1/25/2016,19,39.9,32.9,86,0.01,11.5
1/25/2016,20,41,33.9,86,0,12.7
1/25/2016,21,42.1,34.5,85,0,15
1/25/2016,22,42.1,32.3,85,0,24.2
1/25/2016,23,39.9,30,86,0,21.9
1/26/2016,0,35.6,24.2,87,0,21.9
1/26/2016,1,34,22.7,89,0,19.6
1/26/2016,2,34,21.3,85,0,25.3
1/26/2016,3,32,19.8,85,0,20.7
1/26/2016,4,32,21.6,75,0,15
1/26/2016,5,30.9,21.7,76,0,11.5
1/26/2016,6,30.9,20.2,72,0,15
1/26/2016,7,32,22.5,73,0,12.7
1/26/2016,8,30.9,20.7,76,0,13.8
1/26/2016,9,30.9,22.2,76,0,10.4
1/26/2016,10,30,18.3,75,0,17.3
1/26/2016,11,30,18.7,75,0,16.1
1/26/2016,12,30,17.9,75,0,18.4
1/26/2016,13,30,17.9,69,0,18.4
1/26/2016,14,30,17.5,69,0,19.6
1/26/2016,15,30,18.3,61,0,17.3
1/26/2016,16,28.9,17.3,64,0,16.1
1/26/2016,17,28.9,17.3,61,0,16.1
1/26/2016,18,28.4,17,64,0,15
1/26/2016,19,28.9,19.8,61,0,10.4
1/26/2016,20,28.9,18.2,61,0,13.8
1/26/2016,21,28,18.6,61,0,10.4
1/26/2016,22,27,17.3,66,0,10.4
1/26/2016,23,27,17.3,66,0,10.4
1/27/2016,0,26.1,17.6,66,0,8.1
1/27/2016,1,26.1,17.6,69,0,8.1
1/27/2016,2,27,18.7,66,0,8.1
1/27/2016,3,28,20,61,0,8.1
1/27/2016,4,28,18.6,61,0,10.4
1/27/2016,5,27,18,63,0,9.2
1/27/2016,6,27,18,63,0,9.2
1/27/2016,7,27,17.3,63,0,10.4
1/27/2016,8,27,17.3,61,0,10.4
1/27/2016,9,27,17.3,61,0,10.4
1/27/2016,10,28.9,18.6,54,0,12.7
1/27/2016,11,30,21.1,49,0,10.4
1/27/2016,12,33.1,23,48,0,15
1/27/2016,13,33.1,23.9,50,0,12.7
1/27/2016,14,34,25,52,0,12.7
1/27/2016,15,34,24.6,54,0,13.8
1/27/2016,16,34,25,59,0,12.7
1/27/2016,17,34,23.8,61,0,16.1
1/27/2016,18,34,22.1,64,0,21.9
1/27/2016,19,33.1,21.2,66,0,20.7
1/27/2016,20,33.1,21.9,70,0,18.4
1/27/2016,21,34,24.2,67,0,15
1/27/2016,22,34,24.6,67,0,13.8
1/27/2016,23,35.1,24.5,64,0,18.4
1/28/2016,0,34,24.2,67,0,15
1/28/2016,1,34,24.6,67,0,13.8
1/28/2016,2,34,25,70,0,12.7
1/28/2016,3,34,25,70,0,12.7
1/28/2016,4,34,23.4,73,0,17.3
1/28/2016,5,34,23.8,73,0,16.1
1/28/2016,6,33.1,23,75,0,15
1/28/2016,7,33.1,23.9,75,0,12.7
1/28/2016,8,35.1,25.9,72,0,13.8
1/28/2016,9,37,27.4,70,0,17.3
1/28/2016,10,39,30.6,65,0,15
1/28/2016,11,39.9,31.4,63,0,16.1
1/28/2016,12,39.9,31.1,63,0,17.3
1/28/2016,13,41,32.8,60,0,16.1
1/28/2016,14,39.9,32.1,63,0,13.8
1/28/2016,15,39,30.6,67,0,15
1/28/2016,16,39,31.8,67,0,11.5
1/28/2016,17,36,28,73,0,11.5
1/28/2016,18,36,26.3,62,0,16.1
1/28/2016,19,34,24.6,59,0,13.8
1/28/2016,20,33.1,22.6,56,0,16.1
1/28/2016,21,32,22.5,52,0,12.7
1/28/2016,22,30.9,20.2,54,0,15
1/28/2016,23,30.9,21.7,52,0,11.5
1/29/2016,0,30,20.5,56,0,11.5
1/29/2016,1,28.9,18.6,54,0,12.7
1/29/2016,2,28,17,53,0,13.8
1/29/2016,3,27,17.3,56,0,10.4
1/29/2016,4,26.1,15.6,55,0,11.5
1/29/2016,5,25,15.5,55,0,9.2
1/29/2016,6,24.1,17,57,0,5.8
1/29/2016,7,25,17.1,58,0,6.9
1/29/2016,8,27,20.5,53,0,5.8
1/29/2016,9,27,19.09,53,0,0
1/29/2016,10,28.9,23.9,51,0,4.6
1/29/2016,11,30.9,25.2,47,0,5.8
1/29/2016,12,32,25.6,42,0,6.9
1/29/2016,13,35.1,27.4,39,0,10.4
1/29/2016,14,36,28,37,0,11.5
1/29/2016,15,35.1,26.9,42,0,11.5
1/29/2016,16,35.1,26.4,42,0,12.7
1/29/2016,17,34,25,48,0,12.7
1/29/2016,18,34,24.2,52,0,15
1/29/2016,19,35.1,25.2,54,0,16.1
1/29/2016,20,35.1,26.9,57,0,11.5
1/29/2016,21,35.1,25.5,59,0,15
1/29/2016,22,36,26.7,62,0,15
1/29/2016,23,37,27.7,62,0,16.1
1/30/2016,0,37,27.4,65,0,17.3
1/30/2016,1,37.9,29.6,68,0,13.8
1/30/2016,2,37.9,30,70,0,12.7
1/30/2016,3,37.9,30,73,0,12.7
1/30/2016,4,37,30.4,76,0,9.2
1/30/2016,5,37,29.8,76,0,10.4
1/30/2016,6,36,30.3,79,0,6.9
1/30/2016,7,36,31.1,79,0,5.8
1/30/2016,8,37.9,32.1,76,0,8.1
1/30/2016,9,39.9,33.9,73,0,9.2
1/30/2016,10,43,37.2,68,0,10.4
1/30/2016,11,45,40.6,63,0,8.1
1/30/2016,12,46.9,19.09,61,0,6.9
1/30/2016,13,46.9,19.09,59,0,6.9
1/30/2016,14,48,19.09,58,0,6.9
1/30/2016,15,48,19.09,58,0,5.8
1/30/2016,16,46.9,19.09,61,0,3.5
1/30/2016,17,46,44.8,63,0,3.5
1/30/2016,18,44.1,39,68,0,9.2
1/30/2016,19,44.1,40.1,68,0,6.9
1/30/2016,20,43,39.5,71,0,5.8
1/30/2016,21,44.1,39,71,0,9.2
1/30/2016,22,44.1,39,73,0,9.2
1/30/2016,23,43,38.2,76,0,8.1
1/31/2016,0,43,38.2,76,0,8.1
1/31/2016,1,43,37.7,76,0,9.2
1/31/2016,2,42.1,37.7,79,0,6.9
1/31/2016,3,42.1,38.4,82,0,5.8
1/31/2016,4,42.1,39.2,82,0,4.6
1/31/2016,5,43,39.5,82,0,5.8
1/31/2016,6,46,41.9,86,0,8.1
1/31/2016,7,46,43.1,86,0,5.8
1/31/2016,8,46.9,19.09,90,0,12.7
1/31/2016,9,46.9,19.09,90,0,8.1
1/31/2016,10,48,19.09,89,0,10.4
1/31/2016,11,48,19.09,89,0,10.4
1/31/2016,12,48.9,19.09,90,0.01,10.4
1/31/2016,13,48,19.09,89,0,11.5
1/31/2016,14,46,41.4,86,0.01,9.2
1/31/2016,15,45,40.6,90,0,8.1
1/31/2016,16,44.1,39.5,89,0,8.1
1/31/2016,17,39.9,32.1,86,0,13.8
1/31/2016,18,39,30.3,86,0,16.1
1/31/2016,19,39,30.6,86,0,15
1/31/2016,20,37.9,31.5,83,0,9.2
1/31/2016,21,36,29,86,0,9.2
1/31/2016,22,35.1,27.9,89,0,9.2
1/31/2016,23,35.1,29.3,85,0,6.9
2/1/2016,0,34,29.8,89,0,4.6
2/1/2016,1,33.1,28.7,85,0,4.6
2/1/2016,2,32,27.5,88,0,4.6
2/1/2016,3,30.9,26.2,92,0,4.6
2/1/2016,4,30.9,26.2,89,0,4.6
2/1/2016,5,30.9,23.5,89,0,8.1
2/1/2016,6,30.9,27.5,89,0,3.5
2/1/2016,7,32,27.5,88,0,4.6
2/1/2016,8,32,19.09,88,0,0
2/1/2016,9,34,31,85,0,3.5
2/1/2016,10,37.9,33.5,76,0,5.8
2/1/2016,11,42.1,39.2,65,0,4.6
2/1/2016,12,44.1,40.8,60,0,5.8
2/1/2016,13,46,43.9,54,0,4.6
2/1/2016,14,46.9,19.09,54,0,5.8
2/1/2016,15,46,43.9,46,0,4.6
2/1/2016,16,44.1,41.5,51,0,4.6
2/1/2016,17,42.1,38.4,60,0,5.8
2/1/2016,18,39,19.09,70,0,0
2/1/2016,19,37.9,35.5,73,0,3.5
2/1/2016,20,37,33.3,76,0,4.6
2/1/2016,21,36,31.1,79,0,5.8
2/1/2016,22,36,31.1,79,0,5.8
2/1/2016,23,37,33.3,79,0,4.6
2/2/2016,0,36,31.1,82,0,5.8
2/2/2016,1,37,33.3,82,0,4.6
2/2/2016,2,37,33.3,79,0,4.6
2/2/2016,3,36,29,82,0,9.2
2/2/2016,4,36,29.6,82,0,8.1
2/2/2016,5,36,28.5,79,0,10.4
2/2/2016,6,36,26.7,79,0,15
2/2/2016,7,36,26.7,79,0,15
2/2/2016,8,37,27,76,0,18.4
2/2/2016,9,37.9,27.6,76,0,20.7
2/2/2016,10,37.9,28.2,79,0.04,18.4
2/2/2016,11,39,30.6,76,0.03,15
2/2/2016,12,37.4,26.9,81,0.09,20.7
2/2/2016,13,37.9,29.6,79,0,13.8
2/2/2016,14,37,28.5,86,0.05,13.8
2/2/2016,15,37,26.7,86,0.01,19.6
2/2/2016,16,37.4,28.9,93,0.12,13.8
2/2/2016,17,37.9,31.5,93,0.01,9.2
2/2/2016,18,39,32.3,93,0.04,10.4
2/2/2016,19,37.9,32.1,97,0,8.1
2/2/2016,20,39,35.7,93,0,4.6
2/2/2016,21,39,35.7,96,0,4.6
2/2/2016,22,39,19.09,96,0,0
2/2/2016,23,37.9,19.09,97,0,0
2/3/2016,0,37.9,32.1,97,0,8.1
2/3/2016,1,37,31,96,0,8.1
2/3/2016,2,36,31.1,97,0,5.8
2/3/2016,3,35.1,29.3,96,0,6.9
2/3/2016,4,37,29.8,96,0,10.4
2/3/2016,5,36,27.1,93,0,13.8
2/3/2016,6,37,28.5,89,0,13.8
2/3/2016,7,37,28.9,79,0,12.7
2/3/2016,8,37,27,76,0,18.4
2/3/2016,9,37.9,29.6,73,0,13.8
2/3/2016,10,39,30.6,73,0,15
2/3/2016,11,37.9,27.9,76,0,19.6
2/3/2016,12,37,27,82,0,18.4
2/3/2016,13,37,27.4,79,0,17.3
2/3/2016,14,35.1,24.5,76,0,18.4
2/3/2016,15,35.1,24.8,70,0,17.3
2/3/2016,16,35.1,26.9,70,0,11.5
2/3/2016,17,33.1,23.9,78,0,12.7
2/3/2016,18,33.1,24.4,75,0,11.5
2/3/2016,19,32,23,73,0,11.5
2/3/2016,20,30.9,19.4,72,0,17.3
2/3/2016,21,30,20,75,0,12.7
2/3/2016,22,30,19.5,72,0,13.8
2/3/2016,23,28.9,18.6,72,0,12.7
2/4/2016,0,28.9,18.2,69,0,13.8
2/4/2016,1,28,18.1,72,0,11.5
2/4/2016,2,27,16.7,72,0,11.5
2/4/2016,3,26.1,14.5,69,0,13.8
2/4/2016,4,24.1,11.5,69,0,15
2/4/2016,5,23,10.1,68,0,15
2/4/2016,6,21.9,9.2,66,0,13.8
2/4/2016,7,21.9,11,66,0,10.4
2/4/2016,8,23,13.1,65,0,9.2
2/4/2016,9,25,15.5,55,0,9.2
2/4/2016,10,26.1,18.4,55,0,6.9
2/4/2016,11,28,19.3,51,0,9.2
2/4/2016,12,30,22.4,49,0,8.1
2/4/2016,13,30.9,22.2,47,0,10.4
2/4/2016,14,32,23,45,0,11.5
2/4/2016,15,32,25.6,45,0,6.9
2/4/2016,16,30.9,24.3,50,0,6.9
2/4/2016,17,30.9,22.2,54,0,10.4
2/4/2016,18,30,21.7,59,0,9.2
2/4/2016,19,30,23.2,59,0,6.9
2/4/2016,20,28.9,21.9,64,0,6.9
2/4/2016,21,28.9,21.9,67,0,6.9
2/4/2016,22,28.9,21.9,69,0,6.9
2/4/2016,23,28.9,20.4,69,0,9.2
2/5/2016,0,28.9,22.8,72,0,5.8
2/5/2016,1,28.9,21.9,72,0,6.9
2/5/2016,2,28.9,21.9,72,0,6.9
2/5/2016,3,30,23.2,72,0,6.9
2/5/2016,4,30,24.1,72,0,5.8
2/5/2016,5,28,22.8,78,0,4.6
2/5/2016,6,28.9,23.9,82,0,4.6
2/5/2016,7,30,24.1,79,0,5.8
2/5/2016,8,30.9,25.2,79,0,5.8
2/5/2016,9,30.9,23.5,76,0,8.1
2/5/2016,10,30.9,22.8,72,0,9.2
2/5/2016,11,32,24.8,66,0,8.1
2/5/2016,12,32,25.6,64,0,6.9
2/5/2016,13,33.1,27.7,59,0,5.8
2/5/2016,14,34,27.2,59,0,8.1
2/5/2016,15,34,28,52,0,6.9
2/5/2016,16,33.1,24.4,56,0,11.5
2/5/2016,17,32,25.6,59,0,6.9
2/5/2016,18,30.9,27.5,61,0,3.5
2/5/2016,19,30.9,23.5,64,0,8.1
2/5/2016,20,30,22.4,66,0,8.1
2/5/2016,21,28.9,22.8,69,0,5.8
2/5/2016,22,28,20.8,72,0,6.9
2/5/2016,23,27,20.5,75,0,5.8
2/6/2016,0,28,21.7,75,0,5.8
2/6/2016,1,27,20.5,75,0,5.8
2/6/2016,2,28,20.8,75,0,6.9
2/6/2016,3,27,21.6,78,0,4.6
2/6/2016,4,28,21.7,75,0,5.8
2/6/2016,5,28,21.7,75,0,5.8
2/6/2016,6,27,18,75,0,9.2
2/6/2016,7,27,18.7,78,0,8.1
2/6/2016,8,30,21.1,72,0,10.4
2/6/2016,9,33.1,24.9,64,0,10.4
2/6/2016,10,36,29,59,0,9.2
2/6/2016,11,37,28.5,62,0,13.8
2/6/2016,12,37.9,30,62,0,12.7
2/6/2016,13,41,33.1,57,0,15
2/6/2016,14,42.1,35.2,55,0,12.7
2/6/2016,15,42.1,35.2,55,0,12.7
2/6/2016,16,41,35.2,57,0,9.2
2/6/2016,17,39,35.7,62,0,4.6
2/6/2016,18,37.9,33.5,65,0,5.8
2/6/2016,19,37,32.4,70,0,5.8
2/6/2016,20,36,30.3,70,0,6.9
2/6/2016,21,35.1,29.3,72,0,6.9
2/6/2016,22,34,29.8,75,0,4.6
2/6/2016,23,35.1,30.1,76,0,5.8
2/7/2016,0,35.1,29.3,76,0,6.9
2/7/2016,1,36,29.6,73,0,8.1
2/7/2016,2,37,31,70,0,8.1
2/7/2016,3,37.9,31.5,68,0,9.2
2/7/2016,4,39,31.8,65,0,11.5
2/7/2016,5,39,31.8,65,0,11.5
2/7/2016,6,39,30.6,65,0,15
2/7/2016,7,37.9,30.5,68,0,11.5
2/7/2016,8,41,33.1,60,0,15
2/7/2016,9,43,35.4,56,0,16.1
2/7/2016,10,45,38.5,53,0,13.8
2/7/2016,11,45,38.2,53,0,15
2/7/2016,12,45,37.6,56,0,17.3
2/7/2016,13,46,38,56,0,21.9
2/7/2016,14,44.1,36.2,60,0,18.4
2/7/2016,15,45,37.4,58,0,18.4
2/7/2016,16,43,36,62,0,13.8
2/7/2016,17,43,36.4,60,0,12.7
2/7/2016,18,41,33.5,57,0,13.8
2/7/2016,19,39,31.8,62,0,11.5
2/7/2016,20,37.9,30.5,62,0,11.5
2/7/2016,21,37,31,65,0,8.1
2/7/2016,22,36,29,67,0,9.2
2/7/2016,23,34,27.2,73,0,8.1
2/8/2016,0,33.1,26.1,75,0,8.1
2/8/2016,1,33.1,25.5,72,0,9.2
2/8/2016,2,32,24.8,75,0,8.1
2/8/2016,3,30.9,25.2,79,0,5.8
2/8/2016,4,30,24.1,82,0,5.8
2/8/2016,5,32,25.6,79,0,6.9
2/8/2016,6,33.1,26.1,82,0,8.1
2/8/2016,7,33.1,24.4,78,0,11.5
2/8/2016,8,30.9,21.2,67,0,12.7
2/8/2016,9,30.9,21.7,64,0,11.5
2/8/2016,10,30.9,19.8,64,0,16.1
2/8/2016,11,30.9,20.7,64,0,13.8
2/8/2016,12,30,20,69,0,12.7
2/8/2016,13,28.9,18.6,72,0,12.7
2/8/2016,14,28.9,19.2,72,0,11.5
2/8/2016,15,28.9,19.2,69,0,11.5
2/8/2016,16,28.9,19.2,67,0,11.5
2/8/2016,17,28,18.1,66,0,11.5
2/8/2016,18,28,18.1,66,0,11.5
2/8/2016,19,26.1,16.2,78,0,10.4
2/8/2016,20,26.1,14.5,71,0,13.8
2/8/2016,21,25,13.6,75,0,12.7
2/8/2016,22,24.1,11,75,0,16.1
2/8/2016,23,24.1,12,71,0,13.8
2/9/2016,0,23,10.6,74,0,13.8
2/9/2016,1,21,8.6,78,0,12.7
2/9/2016,2,21,9.9,74,0,10.4
2/9/2016,3,19,6.8,74,0,11.5
2/9/2016,4,19,6.1,77,0,12.7
2/9/2016,5,19,6.8,74,0,11.5
2/9/2016,6,19,5,71,0,15
2/9/2016,7,18,4.2,74,0,13.8
2/9/2016,8,18,5.4,74,0,11.5
2/9/2016,9,17.1,2,68,0,16.1
2/9/2016,10,18,4.2,65,0,13.8
2/9/2016,11,19,6.8,65,0,11.5
2/9/2016,12,19,5.6,62,0,13.8
2/9/2016,13,19,4.5,59,0,16.1
2/9/2016,14,19,6.1,57,0,12.7
2/9/2016,15,18,3.1,62,0,16.1
2/9/2016,16,18,4.2,60,0,13.8
2/9/2016,17,18,5.4,60,0,11.5
2/9/2016,18,18,4.8,60,0,12.7
2/9/2016,19,17.1,2.5,65,0,15
2/9/2016,20,16,2.3,68,0,12.7
2/9/2016,21,15.1,-0.6,68,0,16.1
2/9/2016,22,15.1,1.8,64,0,11.5
2/9/2016,23,16,0.1,62,0,17.3
2/10/2016,0,16,1.1,59,0,15
2/10/2016,1,15.1,2.5,59,0,10.4
2/10/2016,2,14,-0.2,59,0,12.7
2/10/2016,3,12.9,-2.8,59,0,15
2/10/2016,4,12,-2,59,0,11.5
2/10/2016,5,10.9,-3.4,59,0,11.5
2/10/2016,6,10.9,-0.8,59,0,8.1
2/10/2016,7,10.9,-4.7,61,0,13.8
2/10/2016,8,12.9,-0.9,56,0,11.5
2/10/2016,9,15.1,1.1,54,0,12.7
2/10/2016,10,15.1,1.8,54,0,11.5
2/10/2016,11,16,2.9,52,0,11.5
2/10/2016,12,17.1,4.3,52,0,11.5
2/10/2016,13,18,5.4,50,0,11.5
2/10/2016,14,19,5,47,0,15
2/10/2016,15,18,5.4,48,0,11.5
2/10/2016,16,17.1,5,50,0,10.4
2/10/2016,17,17.1,4.3,50,0,11.5
2/10/2016,18,16,2.9,52,0,11.5
2/10/2016,19,15.1,3.3,51,0,9.2
2/10/2016,20,14,0.5,54,0,11.5
2/10/2016,21,12.9,-0.2,56,0,10.4
2/10/2016,22,12.9,2.6,56,0,6.9
2/10/2016,23,14,2.9,54,0,8.1
2/11/2016,0,12.9,0.7,56,0,9.2
2/11/2016,1,12.9,-0.2,54,0,10.4
2/11/2016,2,12.9,-0.2,54,0,10.4
2/11/2016,3,12,-1.3,56,0,10.4
2/11/2016,4,10.9,-1.8,56,0,9.2
2/11/2016,5,10,-3.7,56,0,10.4
2/11/2016,6,9,-4.2,59,0,9.2
2/11/2016,7,10.9,-2.6,54,0,10.4
2/11/2016,8,12.9,0.7,51,0,9.2
2/11/2016,9,15.1,5.2,51,0,6.9
2/11/2016,10,17.1,7.6,47,0,6.9
2/11/2016,11,18,7.7,44,0,8.1
2/11/2016,12,21,12.4,42,0,6.9
2/11/2016,13,21,14.6,40,0,4.6
2/11/2016,14,23,18.4,35,0,3.5
2/11/2016,15,23,19.09,34,0,0
2/11/2016,16,21.9,12.5,37,0,8.1
2/11/2016,17,19.9,13.4,40,0,4.6
2/11/2016,18,21,13.4,40,0,5.8
2/11/2016,19,19,9,50,0,8.1
2/11/2016,20,19,12.3,52,0,4.6
2/11/2016,21,19,12.3,52,0,4.6
2/11/2016,22,19,13.9,52,0,3.5
2/11/2016,23,19,12.3,54,0,4.6
2/12/2016,0,19.9,13.4,55,0,4.6
2/12/2016,1,19.9,12.1,57,0,5.8
2/12/2016,2,19.9,11.1,57,0,6.9
2/12/2016,3,19.9,12.1,57,0,5.8
2/12/2016,4,19.9,9.3,57,0,9.2
2/12/2016,5,21,10.6,53,0,9.2
2/12/2016,6,21,11.4,55,0,8.1
2/12/2016,7,21,9.3,55,0,11.5
2/12/2016,8,21,7.6,60,0,15
2/12/2016,9,21,7.6,63,0,15
2/12/2016,10,23,9.2,60,0,17.3
2/12/2016,11,24.1,9,51,0,21.9
2/12/2016,12,24.1,9.8,48,0,19.6
2/12/2016,13,24.1,9.4,44,0,20.7
2/12/2016,14,24.1,8,40,0,25.3
2/12/2016,15,23,7.2,37,0,23
2/12/2016,16,21.9,6.9,37,0,19.6
2/12/2016,17,19,3.6,40,0,18.4
2/12/2016,18,18,2.2,36,0,18.4
2/12/2016,19,16,-2.8,39,0,25.3
2/12/2016,20,12.9,-6.5,39,0,24.2
2/12/2016,21,12,-5.1,41,0,17.3
2/12/2016,22,10,-9.1,42,0,20.7
2/12/2016,23,9,-9.5,44,0,18.4
2/13/2016,0,8.1,-11.2,44,0,19.6
2/13/2016,1,7,-11.6,42,0,17.3
2/13/2016,2,6.1,-12.2,44,0,16.1
2/13/2016,3,6.1,-10.9,45,0,13.8
2/13/2016,4,5,-11.6,48,0,12.7
2/13/2016,5,5,-10,48,0,10.4
2/13/2016,6,3.9,-11.3,50,0,10.4
2/13/2016,7,6.1,-9.5,48,0,11.5
2/13/2016,8,8.1,-7,44,0,11.5
2/13/2016,9,10.9,-4.7,40,0,13.8
2/13/2016,10,12,-0.4,39,0,9.2
2/13/2016,11,14,3.9,35,0,6.9
2/13/2016,12,16,2.9,34,0,11.5
2/13/2016,13,18,5.4,31,0,11.5
2/13/2016,14,19,8.2,30,0,9.2
2/13/2016,15,19,11.1,30,0,5.8
2/13/2016,16,17.1,8.7,33,0,5.8
2/13/2016,17,16,7.4,36,0,5.8
2/13/2016,18,16,8.8,36,0,4.6
2/13/2016,19,15.1,19.09,39,0,0
2/13/2016,20,15.1,9.4,41,0,3.5
2/13/2016,21,14,19.09,45,0,0
2/13/2016,22,15.1,7.7,47,0,4.6
2/13/2016,23,14,5.1,52,0,5.8
2/14/2016,0,14,2.9,52,0,8.1
2/14/2016,1,12.9,3.8,54,0,5.8
2/14/2016,2,12.9,-0.2,54,0,10.4
2/14/2016,3,14,2,54,0,9.2
2/14/2016,4,15.1,3.3,51,0,9.2
2/14/2016,5,15.1,1.8,51,0,11.5
2/14/2016,6,15.1,1.1,51,0,12.7
2/14/2016,7,16,1.1,52,0,15
2/14/2016,8,16,1.1,52,0,15
2/14/2016,9,18,3.1,48,0,16.1
2/14/2016,10,18,4.8,48,0,12.7
2/14/2016,11,18,3.6,52,0,15
2/14/2016,12,18,4.8,57,0,12.7
2/14/2016,13,17.1,3,77,0,13.8
2/14/2016,14,18,3.6,74,0,15
2/14/2016,15,18,3.1,74,0,16.1
2/14/2016,16,18,2.6,78,0,17.3
2/14/2016,17,17.1,1.5,77,0,17.3
2/14/2016,18,18,5.4,74,0,11.5
2/14/2016,19,18,6.1,78,0,10.4
2/14/2016,20,19,9,71,0,8.1
2/14/2016,21,19,7.5,71,0,10.4
2/14/2016,22,19,8.2,74,0,9.2
2/14/2016,23,19,9,77,0,8.1
2/15/2016,0,19,8.2,81,0,9.2
2/15/2016,1,19,11.1,81,0,5.8
2/15/2016,2,19,11.1,85,0,5.8
2/15/2016,3,19.9,11.1,85,0,6.9
2/15/2016,4,19.9,11.1,85,0,6.9
2/15/2016,5,19.9,11.1,89,0,6.9
2/15/2016,6,21,13.4,92,0,5.8
2/15/2016,7,21.9,14.5,89,0,5.8
2/15/2016,8,21.9,12.5,89,0,8.1
2/15/2016,9,24.1,16,88,0,6.9
2/15/2016,10,24.1,16,88,0,6.9
2/15/2016,11,25,17.1,88,0,6.9
2/15/2016,12,27,19.5,85,0,6.9
2/15/2016,13,28,20.8,81,0,6.9
2/15/2016,14,28.9,21.1,78,0,8.1
2/15/2016,15,28.9,21.9,82,0,6.9
2/15/2016,16,28.9,21.1,82,0,8.1
2/15/2016,17,28.9,21.1,78,0,8.1
2/15/2016,18,28,21.7,81,0,5.8
2/15/2016,19,28,21.7,78,0,5.8
2/15/2016,20,28,20,78,0,8.1
2/15/2016,21,27,19.5,78,0,6.9
2/15/2016,22,27,23,78,0,3.5
2/15/2016,23,27,23,78,0,3.5
2/16/2016,0,27,23,78,0,3.5
2/16/2016,1,27,19.5,78,0,6.9
2/16/2016,2,27,21.6,78,0,4.6
2/16/2016,3,27,19.5,78,0,6.9
2/16/2016,4,26.1,18.4,78,0,6.9
2/16/2016,5,26.1,21.9,78,0,3.5
2/16/2016,6,27,19.09,75,0,0
2/16/2016,7,27,19.09,78,0,0
2/16/2016,8,28,21.7,75,0,5.8
2/16/2016,9,28,22.8,78,0,4.6
2/16/2016,10,28.9,19.09,72,0,0
2/16/2016,11,32,19.09,69,0,0
2/16/2016,12,35.1,19.09,64,0,0
2/16/2016,13,36,19.09,62,0,0
2/16/2016,14,36,30.3,62,0,6.9
2/16/2016,15,35.1,31,70,0,4.6
2/16/2016,16,35.1,28.6,70,0,8.1
2/16/2016,17,32,27.5,82,0,4.6
2/16/2016,18,32,24.2,82,0.01,9.2
2/16/2016,19,32,23.6,82,0,10.4
2/16/2016,20,30,22.4,82,0,8.1
2/16/2016,21,30.9,24.3,79,0,6.9
2/16/2016,22,30.9,24.3,79,0,6.9
2/16/2016,23,28.9,22.8,78,0,5.8
2/17/2016,0,28.9,21.9,78,0,6.9
2/17/2016,1,30,25.2,79,0,4.6
2/17/2016,2,30,26.5,79,0,3.5
2/17/2016,3,30.9,26.2,76,0,4.6
2/17/2016,4,30.9,26.2,76,0,4.6
2/17/2016,5,28.9,21.1,75,0,8.1
2/17/2016,6,27,18.7,78,0,8.1
2/17/2016,7,28,19.3,69,0,9.2
2/17/2016,8,28.9,20.4,67,0,9.2
2/17/2016,9,30,24.1,61,0,5.8
2/17/2016,10,32,26.4,54,0,5.8
2/17/2016,11,33.1,26.9,52,0,6.9
2/17/2016,12,34,19.09,50,0,0
2/17/2016,13,35.1,19.09,44,0,0
2/17/2016,14,35.1,27.4,50,0,10.4
2/17/2016,15,32,23.6,54,0,10.4
2/17/2016,16,30.9,22.8,57,0,9.2
2/17/2016,17,28.9,21.1,58,0,8.1
2/17/2016,18,28,20.8,61,0,6.9
2/17/2016,19,28.9,21.9,61,0,6.9
2/17/2016,20,28.9,21.9,61,0,6.9
2/17/2016,21,28.9,22.8,64,0,5.8
2/17/2016,22,28,22.8,69,0,4.6
2/17/2016,23,28.9,23.9,69,0,4.6
2/18/2016,0,30,22.4,66,0,8.1
2/18/2016,1,28.9,21.1,69,0,8.1
2/18/2016,2,28,20,72,0,8.1
2/18/2016,3,27,18,66,0,9.2
2/18/2016,4,27,16.7,66,0,11.5
2/18/2016,5,26.1,16.8,66,0,9.2
2/18/2016,6,26.1,16.8,66,0,9.2
2/18/2016,7,28,18.1,66,0,11.5
2/18/2016,8,30.9,22.8,64,0,9.2
2/18/2016,9,34,25.5,61,0,11.5
2/18/2016,10,36,28.5,64,0,10.4
2/18/2016,11,37.9,30.9,62,0,10.4
2/18/2016,12,39.9,30.8,60,0,18.4
2/18/2016,13,42.1,34.2,58,0,16.1
2/18/2016,14,42.1,35.2,58,0,12.7
2/18/2016,15,42.1,33.3,58,0,19.6
2/18/2016,16,41,31.9,62,0,19.6
2/18/2016,17,41,30.7,60,0,25.3
2/18/2016,18,41,31.4,60,0,21.9
2/18/2016,19,41,32.5,60,0,17.3
2/18/2016,20,41,32.2,60,0,18.4
2/18/2016,21,41,31.9,62,0,19.6
2/18/2016,22,41,31.1,62,0,23
2/18/2016,23,41,32.2,65,0,18.4
2/19/2016,0,44.1,36.2,58,0,18.4
2/19/2016,1,46,39.3,56,0,16.1
2/19/2016,2,46,38.3,58,0,20.7
2/19/2016,3,48,19.09,56,0,18.4
2/19/2016,4,48.9,19.09,56,0,19.6
2/19/2016,5,48.9,19.09,59,0,19.6
2/19/2016,6,50,19.09,57,0,20.7
2/19/2016,7,52,19.09,54,0,24.2
2/19/2016,8,53.1,19.09,57,0,26.5
2/19/2016,9,55.9,19.09,55,0,24.2
2/19/2016,10,60.1,19.09,55,0,24.2
2/19/2016,11,63,19.09,52,0,38
2/19/2016,12,63,19.09,40,0,26.5
2/19/2016,13,61,19.09,42,0,32.2
2/19/2016,14,57.9,19.09,47,0,36.8
2/19/2016,15,55,19.09,51,0,32.2
2/19/2016,16,54,19.09,53,0,34.5
2/19/2016,17,53.1,19.09,55,0,26.5
2/19/2016,18,51.1,19.09,56,0,24.2
2/19/2016,19,50,19.09,57,0,21.9
2/19/2016,20,51.1,19.09,48,0,16.1
2/19/2016,21,52,19.09,45,0,18.4
2/19/2016,22,48,19.09,52,0,15
2/19/2016,23,46,39.6,56,0,15
2/20/2016,0,46.9,19.09,54,0,12.7
2/20/2016,1,46,41,54,0,10.4
2/20/2016,2,44.1,39.5,55,0,8.1
2/20/2016,3,42.1,37.7,60,0,6.9
2/20/2016,4,44.1,39,53,0,9.2
2/20/2016,5,48.9,19.09,41,0,17.3
2/20/2016,6,50,19.09,39,0,18.4
2/20/2016,7,51.1,19.09,39,0,18.4
2/20/2016,8,51.1,19.09,41,0,15
2/20/2016,9,53.1,19.09,40,0,13.8
2/20/2016,10,55,19.09,40,0,12.7
2/20/2016,11,55.9,19.09,39,0,10.4
2/20/2016,12,57.9,19.09,37,0,12.7
2/20/2016,13,59,19.09,36,0,9.2
2/20/2016,14,59,19.09,38,0,8.1
2/20/2016,15,57.9,19.09,41,0,12.7
2/20/2016,16,55.9,19.09,45,0,13.8
2/20/2016,17,53.1,19.09,50,0,6.9
2/20/2016,18,50,19.09,57,0,5.8
2/20/2016,19,48,19.09,58,0,5.8
2/20/2016,20,46.9,19.09,59,0,4.6
2/20/2016,21,45,41.2,60,0,6.9
2/20/2016,22,44.1,40.1,63,0,6.9
2/20/2016,23,44.1,39.5,60,0,8.1
2/21/2016,0,44.1,39,58,0,9.2
2/21/2016,1,42.1,35.2,62,0,12.7
2/21/2016,2,41,34.3,65,0,11.5
2/21/2016,3,39.9,32.5,68,0,12.7
2/21/2016,4,39,31.8,73,0,11.5
2/21/2016,5,39,31,73,0,13.8
2/21/2016,6,39,32.8,79,0,9.2
2/21/2016,7,39,30.6,76,0,15
2/21/2016,8,39.9,32.1,70,0,13.8
2/21/2016,9,41,34.3,70,0,11.5
2/21/2016,10,41,34.3,67,0,11.5
2/21/2016,11,41,33.9,67,0,12.7
2/21/2016,12,39.9,31.8,70,0,15
2/21/2016,13,41,34.7,65,0,10.4
2/21/2016,14,39.9,32.1,65,0,13.8
2/21/2016,15,39,31.4,65,0,12.7
2/21/2016,16,37,28.9,67,0,12.7
2/21/2016,17,36,27.1,67,0,13.8
2/21/2016,18,35.1,26.9,70,0,11.5
2/21/2016,19,36,29,67,0,9.2
2/21/2016,20,36,29.6,67,0,8.1
2/21/2016,21,36,28.5,64,0,10.4
2/21/2016,22,36,30.3,64,0,6.9
2/21/2016,23,35.1,30.1,67,0,5.8
2/22/2016,0,33.1,19.09,72,0,0
2/22/2016,1,32,28.7,75,0,3.5
2/22/2016,2,32,19.09,75,0,0
2/22/2016,3,28.9,19.09,82,0,0
2/22/2016,4,28.9,25.2,82,0,3.5
2/22/2016,5,30,19.09,82,0,0
2/22/2016,6,30.9,19.09,82,0,0
2/22/2016,7,34,19.09,82,0,0
2/22/2016,8,37.9,33.5,68,0,5.8
2/22/2016,9,39.9,35.1,60,0,6.9
2/22/2016,10,42.1,19.09,55,0,0
2/22/2016,11,43,41.3,51,0,3.5
2/22/2016,12,44.1,40.1,51,0,6.9
2/22/2016,13,44.1,40.1,47,0,6.9
2/22/2016,14,44.1,39,47,0,9.2
2/22/2016,15,43,38.2,47,0,8.1
2/22/2016,16,41,37.1,51,0,5.8
2/22/2016,17,39,35.7,53,0,4.6
2/22/2016,18,39,35.7,55,0,4.6
2/22/2016,19,39,34,53,0,6.9
2/22/2016,20,37.9,33.5,60,0,5.8
2/22/2016,21,37,32.4,65,0,5.8
2/22/2016,22,36,32.1,67,0,4.6
2/22/2016,23,36,33.3,70,0,3.5
2/23/2016,0,35.1,32.2,78,0,3.5
2/23/2016,1,34,19.09,79,0,0
2/23/2016,2,32,28.7,82,0,3.5
2/23/2016,3,33.1,30,82,0,3.5
2/23/2016,4,32,26.4,82,0,5.8
2/23/2016,5,32,27.5,79,0,4.6
2/23/2016,6,33.1,28.7,70,0,4.6
2/23/2016,7,34,28,67,0,6.9
2/23/2016,8,36,30.3,59,0,6.9
2/23/2016,9,37.9,33.5,57,0,5.8
2/23/2016,10,42.1,36.1,47,0,10.4
2/23/2016,11,44.1,38.1,42,0,11.5
2/23/2016,12,44.1,39,42,0,9.2
2/23/2016,13,45,38.2,37,0,15
2/23/2016,14,45,38.5,39,0,13.8
2/23/2016,15,44.1,38.6,42,0,10.4
2/23/2016,16,42.1,36.1,49,0,10.4
2/23/2016,17,39,31.4,55,0,12.7
2/23/2016,18,37.9,29.6,62,0,13.8
2/23/2016,19,37.9,30,62,0,12.7
2/23/2016,20,39,31.4,60,0,12.7
2/23/2016,21,39.9,31.4,55,0,16.1
2/23/2016,22,39.9,31.8,55,0,15
2/23/2016,23,39,30.6,60,0,15
2/24/2016,0,37.9,28.5,62,0,17.3
2/24/2016,1,37.9,30,65,0,12.7
2/24/2016,2,37,26.7,67,0,19.6
2/24/2016,3,37,25.9,62,0,23
2/24/2016,4,37,26.2,62,0,21.9
2/24/2016,5,37,25.9,59,0,23
2/24/2016,6,37,24.9,59,0,27.6
2/24/2016,7,37,24.1,57,0,32.2
2/24/2016,8,37,23.7,57,0,34.5
2/24/2016,9,37,24.5,57,0,29.9
2/24/2016,10,35.1,22.7,70,0,25.3
2/24/2016,11,33.1,20.3,82,0.01,24.2
2/24/2016,12,34,22.4,79,0.01,20.7
2/24/2016,13,32,18.1,88,0.01,27.6
2/24/2016,14,32,18.1,88,0,27.6
2/24/2016,15,34,19.7,79,0,33.4
2/24/2016,16,34,19.5,79,0,34.5
2/24/2016,17,34,19.3,82,0,35.7
2/24/2016,18,34,22.4,79,0,20.7
2/24/2016,19,33.1,20.9,85,0,21.9
2/24/2016,20,34,21.5,79,0,24.2
2/24/2016,21,34,22.1,79,0,21.9
2/24/2016,22,34,23,79,0,18.4
2/24/2016,23,34,23,79,0,18.4
2/25/2016,0,35.1,23.8,67,0,20.7
2/25/2016,1,34,23,67,0,18.4
2/25/2016,2,34,22.7,70,0,19.6
2/25/2016,3,34,21.8,70,0,23
2/25/2016,4,33.1,21.9,70,0,18.4
2/25/2016,5,32,20.8,75,0,17.3
2/25/2016,6,32,20.8,75,0,17.3
2/25/2016,7,33.1,21.5,66,0,19.6
2/25/2016,8,34,24.2,61,0,15
2/25/2016,9,34,23,59,0,18.4
2/25/2016,10,36,26.7,55,0,15
2/25/2016,11,37,28.1,48,0,15
2/25/2016,12,37,27,50,0,18.4
2/25/2016,13,37,27.4,50,0,17.3
2/25/2016,14,36,26,52,0,17.3
2/25/2016,15,35.1,25.2,54,0,16.1
2/25/2016,16,35.1,25.2,52,0,16.1
2/25/2016,17,34,23.4,56,0,17.3
2/25/2016,18,34,22.7,52,0,19.6
2/25/2016,19,34,23.4,52,0,17.3
2/25/2016,20,33.1,21.2,48,0,20.7
2/25/2016,21,33.1,22.2,48,0,17.3
2/25/2016,22,33.1,23.4,50,0,13.8
2/25/2016,23,33.1,22.2,46,0,17.3
2/26/2016,0,33.1,23.9,46,0,12.7
2/26/2016,1,32,24.2,50,0,9.2
2/26/2016,2,32,23.6,54,0,10.4
2/26/2016,3,32,23.6,56,0,10.4
2/26/2016,4,30.9,21.7,47,0,11.5
2/26/2016,5,28.9,21.1,49,0,8.1
2/26/2016,6,28,21.7,51,0,5.8
2/26/2016,7,30.9,25.2,46,0,5.8
2/26/2016,8,33.1,24.9,42,0,10.4
2/26/2016,9,34,26.6,42,0,9.2
2/26/2016,10,33.1,26.9,43,0,6.9
2/26/2016,11,34,24.2,46,0,15
2/26/2016,12,34,24.6,48,0,13.8
2/26/2016,13,34,25.5,48,0,11.5
2/26/2016,14,34,27.2,48,0,8.1
2/26/2016,15,33.1,26.9,56,0,6.9
2/26/2016,16,34,26.6,52,0,9.2
2/26/2016,17,33.1,25.5,59,0,9.2
2/26/2016,18,33.1,27.7,61,0,5.8
2/26/2016,19,33.1,25.5,61,0,9.2
2/26/2016,20,33.1,26.1,64,0,8.1
2/26/2016,21,32,24.2,64,0,9.2
2/26/2016,22,30.9,22.8,69,0,9.2
2/26/2016,23,30,21.7,72,0,9.2
2/27/2016,0,28.9,20.4,72,0,9.2
2/27/2016,1,28.9,19.8,72,0,10.4
2/27/2016,2,28.9,20.4,72,0,9.2
2/27/2016,3,28,18.6,75,0,10.4
2/27/2016,4,28,18.6,75,0,10.4
2/27/2016,5,28,18.6,75,0,10.4
2/27/2016,6,30,21.7,72,0,9.2
2/27/2016,7,32,22.1,69,0,13.8
2/27/2016,8,37,28.1,62,0,15
2/27/2016,9,41,32.2,55,0,18.4
2/27/2016,10,45,37.9,49,0,16.1
2/27/2016,11,48,19.09,46,0,16.1
2/27/2016,12,52,19.09,37,0,15
2/27/2016,13,53.1,19.09,38,0,16.1
2/27/2016,14,55,19.09,35,0,18.4
2/27/2016,15,55,19.09,37,0,15
2/27/2016,16,53.1,19.09,48,0,13.8
2/27/2016,17,50,19.09,57,0,16.1
2/27/2016,18,48,19.09,63,0,15
2/27/2016,19,46.9,19.09,61,0,16.1
2/27/2016,20,46.9,19.09,59,0,18.4
2/27/2016,21,46.9,19.09,56,0,13.8
2/27/2016,22,46.9,19.09,54,0,12.7
2/27/2016,23,46.9,19.09,56,0,15
2/28/2016,0,46,39.9,58,0,13.8
2/28/2016,1,46,39.9,58,0,13.8
2/28/2016,2,46,39.6,58,0,15
2/28/2016,3,45,38.9,60,0,12.7
2/28/2016,4,45,38.5,60,0,13.8
2/28/2016,5,45,38.5,60,0,13.8
2/28/2016,6,45,38.5,60,0,13.8
2/28/2016,7,48,19.09,58,0,13.8
2/28/2016,8,52,19.09,53,0,13.8
2/28/2016,9,57,19.09,49,0,20.7
2/28/2016,10,61,19.09,46,0,24.2
2/28/2016,11,63,19.09,46,0,21.9
2/28/2016,12,63,19.09,48,0,27.6
2/28/2016,13,64,19.09,46,0,23
2/28/2016,14,62.1,19.09,52,0,15
2/28/2016,15,61,19.09,56,0,20.7
2/28/2016,16,60.1,19.09,60,0,17.3
2/28/2016,17,60.1,19.09,57,0,12.7
2/28/2016,18,55.9,19.09,57,0,24.2
2/28/2016,19,50,19.09,66,0,18.4
2/28/2016,20,46.9,19.09,74,0.01,19.6
2/28/2016,21,41,33.5,79,0,13.8
2/28/2016,22,37.9,26.8,70,0,24.2
2/28/2016,23,37.9,28.5,65,0,17.3
2/29/2016,0,37,27,67,0,18.4
2/29/2016,1,37,28.1,62,0,15
2/29/2016,2,36,25,64,0,20.7
2/29/2016,3,35.1,27.9,67,0,9.2
2/29/2016,4,35.1,27.9,67,0,9.2
2/29/2016,5,36,27.5,70,0,12.7
2/29/2016,6,35.1,25.2,70,0,16.1
2/29/2016,7,35.1,26.9,72,0,11.5
2/29/2016,8,37.9,28.5,65,0,17.3
2/29/2016,9,42.1,33.9,58,0,17.3
2/29/2016,10,45,37.4,52,0,18.4
2/29/2016,11,48,19.09,44,0,16.1
2/29/2016,12,54,19.09,37,0,16.1
2/29/2016,13,53.1,19.09,40,0,15
2/29/2016,14,54,19.09,41,0,16.1
2/29/2016,15,53.1,19.09,43,0,18.4
2/29/2016,16,39,28.5,67,0,23
2/29/2016,17,36,27.1,64,0,13.8
2/29/2016,18,34,23.4,67,0,17.3
2/29/2016,19,33.1,21.5,64,0,19.6
2/29/2016,20,33.1,22.2,61,0,17.3
2/29/2016,21,32,20.5,61,0,18.4
2/29/2016,22,30.9,19.1,64,0,18.4
2/29/2016,23,30,19.1,72,0,15
